[DEBUG] 2026-10-08 22:40:43.523 [main] IntegratorServiceImpl - Adding Integrator [org.hibernate.cfg.beanvalidation.BeanValidationIntegrator].
[DEBUG] 2026-10-08 22:40:43.530 [main] IntegratorServiceImpl - Adding Integrator [org.hibernate.secure.spi.JaccIntegrator].
[DEBUG] 2026-10-08 22:40:43.534 [main] IntegratorServiceImpl - Adding Integrator [org.hibernate.cache.internal.CollectionCacheInvalidator].
[INFO ] 2026-10-08 22:40:43.558 [main] Version - HHH000412: Hibernate ORM core version 5.6.15.Final
[DEBUG] 2026-10-08 22:40:43.560 [main] Environment - HHH000206: hibernate.properties not found
[DEBUG] 2026-10-08 22:40:43.847 [main] LocalXmlResourceResolver - Interpreting public/system identifier : [-//Hibernate/Hibernate Configuration DTD//EN] - [http://www.hibernate.org/dtd/hibernate-configuration-3.0.dtd]
[DEBUG] 2026-10-08 22:40:43.848 [main] LocalXmlResourceResolver - Recognized hibernate-configuration identifier; attempting to resolve on classpath under org/hibernate/
[DEBUG] 2026-10-08 22:40:43.861 [main] JaxbCfgProcessor - cfg.xml document did not define namespaces; wrapping in custom event reader to introduce namespace information
[DEBUG] 2026-10-08 22:40:44.293 [main] ServiceBinding - Overriding existing service binding [org.hibernate.secure.spi.JaccService]
[DEBUG] 2026-10-08 22:40:44.326 [main] RegionFactoryInitiator - Cannot default RegionFactory based on registered strategies as `[]` RegionFactory strategies were registered
[DEBUG] 2026-10-08 22:40:44.328 [main] RegionFactoryInitiator - Cache region factory : org.hibernate.cache.internal.NoCachingRegionFactory
[INFO ] 2026-10-08 22:40:44.375 [main] Version - HCANN000001: Hibernate Commons Annotations {5.1.2.Final}
[DEBUG] 2026-10-08 22:40:45.068 [main] BasicTypeRegistry - Adding type registration boolean -> org.hibernate.type.BooleanType@8a62297
[DEBUG] 2026-10-08 22:40:45.068 [main] BasicTypeRegistry - Adding type registration boolean -> org.hibernate.type.BooleanType@8a62297
[DEBUG] 2026-10-08 22:40:45.069 [main] BasicTypeRegistry - Adding type registration java.lang.Boolean -> org.hibernate.type.BooleanType@8a62297
[DEBUG] 2026-10-08 22:40:45.069 [main] BasicTypeRegistry - Adding type registration numeric_boolean -> org.hibernate.type.NumericBooleanType@659925f4
[DEBUG] 2026-10-08 22:40:45.070 [main] BasicTypeRegistry - Adding type registration true_false -> org.hibernate.type.TrueFalseType@2787de58
[DEBUG] 2026-10-08 22:40:45.070 [main] BasicTypeRegistry - Adding type registration yes_no -> org.hibernate.type.YesNoType@5b022357
[DEBUG] 2026-10-08 22:40:45.071 [main] BasicTypeRegistry - Adding type registration byte -> org.hibernate.type.ByteType@6ceb7b5e
[DEBUG] 2026-10-08 22:40:45.072 [main] BasicTypeRegistry - Adding type registration byte -> org.hibernate.type.ByteType@6ceb7b5e
[DEBUG] 2026-10-08 22:40:45.072 [main] BasicTypeRegistry - Adding type registration java.lang.Byte -> org.hibernate.type.ByteType@6ceb7b5e
[DEBUG] 2026-10-08 22:40:45.073 [main] BasicTypeRegistry - Adding type registration character -> org.hibernate.type.CharacterType@5965844d
[DEBUG] 2026-10-08 22:40:45.073 [main] BasicTypeRegistry - Adding type registration char -> org.hibernate.type.CharacterType@5965844d
[DEBUG] 2026-10-08 22:40:45.073 [main] BasicTypeRegistry - Adding type registration java.lang.Character -> org.hibernate.type.CharacterType@5965844d
[DEBUG] 2026-10-08 22:40:45.074 [main] BasicTypeRegistry - Adding type registration short -> org.hibernate.type.ShortType@4d8126f
[DEBUG] 2026-10-08 22:40:45.074 [main] BasicTypeRegistry - Adding type registration short -> org.hibernate.type.ShortType@4d8126f
[DEBUG] 2026-10-08 22:40:45.075 [main] BasicTypeRegistry - Adding type registration java.lang.Short -> org.hibernate.type.ShortType@4d8126f
[DEBUG] 2026-10-08 22:40:45.075 [main] BasicTypeRegistry - Adding type registration integer -> org.hibernate.type.IntegerType@1bbae752
[DEBUG] 2026-10-08 22:40:45.075 [main] BasicTypeRegistry - Adding type registration int -> org.hibernate.type.IntegerType@1bbae752
[DEBUG] 2026-10-08 22:40:45.075 [main] BasicTypeRegistry - Adding type registration java.lang.Integer -> org.hibernate.type.IntegerType@1bbae752
[DEBUG] 2026-10-08 22:40:45.077 [main] BasicTypeRegistry - Adding type registration long -> org.hibernate.type.LongType@74971ed9
[DEBUG] 2026-10-08 22:40:45.078 [main] BasicTypeRegistry - Adding type registration long -> org.hibernate.type.LongType@74971ed9
[DEBUG] 2026-10-08 22:40:45.078 [main] BasicTypeRegistry - Adding type registration java.lang.Long -> org.hibernate.type.LongType@74971ed9
[DEBUG] 2026-10-08 22:40:45.078 [main] BasicTypeRegistry - Adding type registration float -> org.hibernate.type.FloatType@7a24eb3
[DEBUG] 2026-10-08 22:40:45.079 [main] BasicTypeRegistry - Adding type registration float -> org.hibernate.type.FloatType@7a24eb3
[DEBUG] 2026-10-08 22:40:45.079 [main] BasicTypeRegistry - Adding type registration java.lang.Float -> org.hibernate.type.FloatType@7a24eb3
[DEBUG] 2026-10-08 22:40:45.080 [main] BasicTypeRegistry - Adding type registration double -> org.hibernate.type.DoubleType@677b8e13
[DEBUG] 2026-10-08 22:40:45.080 [main] BasicTypeRegistry - Adding type registration double -> org.hibernate.type.DoubleType@677b8e13
[DEBUG] 2026-10-08 22:40:45.080 [main] BasicTypeRegistry - Adding type registration java.lang.Double -> org.hibernate.type.DoubleType@677b8e13
[DEBUG] 2026-10-08 22:40:45.083 [main] BasicTypeRegistry - Adding type registration big_decimal -> org.hibernate.type.BigDecimalType@57540fd0
[DEBUG] 2026-10-08 22:40:45.083 [main] BasicTypeRegistry - Adding type registration java.math.BigDecimal -> org.hibernate.type.BigDecimalType@57540fd0
[DEBUG] 2026-10-08 22:40:45.084 [main] BasicTypeRegistry - Adding type registration big_integer -> org.hibernate.type.BigIntegerType@3adbe50f
[DEBUG] 2026-10-08 22:40:45.084 [main] BasicTypeRegistry - Adding type registration java.math.BigInteger -> org.hibernate.type.BigIntegerType@3adbe50f
[DEBUG] 2026-10-08 22:40:45.086 [main] BasicTypeRegistry - Adding type registration string -> org.hibernate.type.StringType@67001148
[DEBUG] 2026-10-08 22:40:45.086 [main] BasicTypeRegistry - Adding type registration java.lang.String -> org.hibernate.type.StringType@67001148
[DEBUG] 2026-10-08 22:40:45.086 [main] BasicTypeRegistry - Adding type registration nstring -> org.hibernate.type.StringNVarcharType@64030b91
[DEBUG] 2026-10-08 22:40:45.087 [main] BasicTypeRegistry - Adding type registration ncharacter -> org.hibernate.type.CharacterNCharType@441cc260
[DEBUG] 2026-10-08 22:40:45.088 [main] BasicTypeRegistry - Adding type registration url -> org.hibernate.type.UrlType@55b8dbda
[DEBUG] 2026-10-08 22:40:45.088 [main] BasicTypeRegistry - Adding type registration java.net.URL -> org.hibernate.type.UrlType@55b8dbda
[DEBUG] 2026-10-08 22:40:45.089 [main] BasicTypeRegistry - Adding type registration Duration -> org.hibernate.type.DurationType@5b22b970
[DEBUG] 2026-10-08 22:40:45.089 [main] BasicTypeRegistry - Adding type registration java.time.Duration -> org.hibernate.type.DurationType@5b22b970
[DEBUG] 2026-10-08 22:40:45.093 [main] BasicTypeRegistry - Adding type registration Instant -> org.hibernate.type.InstantType@353efdbf
[DEBUG] 2026-10-08 22:40:45.094 [main] BasicTypeRegistry - Adding type registration java.time.Instant -> org.hibernate.type.InstantType@353efdbf
[DEBUG] 2026-10-08 22:40:45.095 [main] BasicTypeRegistry - Adding type registration LocalDateTime -> org.hibernate.type.LocalDateTimeType@f2e4acf
[DEBUG] 2026-10-08 22:40:45.095 [main] BasicTypeRegistry - Adding type registration java.time.LocalDateTime -> org.hibernate.type.LocalDateTimeType@f2e4acf
[DEBUG] 2026-10-08 22:40:45.096 [main] BasicTypeRegistry - Adding type registration LocalDate -> org.hibernate.type.LocalDateType@566d0c69
[DEBUG] 2026-10-08 22:40:45.096 [main] BasicTypeRegistry - Adding type registration java.time.LocalDate -> org.hibernate.type.LocalDateType@566d0c69
[DEBUG] 2026-10-08 22:40:45.097 [main] BasicTypeRegistry - Adding type registration LocalTime -> org.hibernate.type.LocalTimeType@151335cb
[DEBUG] 2026-10-08 22:40:45.097 [main] BasicTypeRegistry - Adding type registration java.time.LocalTime -> org.hibernate.type.LocalTimeType@151335cb
[DEBUG] 2026-10-08 22:40:45.100 [main] BasicTypeRegistry - Adding type registration OffsetDateTime -> org.hibernate.type.OffsetDateTimeType@4abf3f0
[DEBUG] 2026-10-08 22:40:45.100 [main] BasicTypeRegistry - Adding type registration java.time.OffsetDateTime -> org.hibernate.type.OffsetDateTimeType@4abf3f0
[DEBUG] 2026-10-08 22:40:45.102 [main] BasicTypeRegistry - Adding type registration OffsetTime -> org.hibernate.type.OffsetTimeType@5e39850
[DEBUG] 2026-10-08 22:40:45.102 [main] BasicTypeRegistry - Adding type registration java.time.OffsetTime -> org.hibernate.type.OffsetTimeType@5e39850
[DEBUG] 2026-10-08 22:40:45.103 [main] BasicTypeRegistry - Adding type registration ZonedDateTime -> org.hibernate.type.ZonedDateTimeType@476ec9d0
[DEBUG] 2026-10-08 22:40:45.104 [main] BasicTypeRegistry - Adding type registration java.time.ZonedDateTime -> org.hibernate.type.ZonedDateTimeType@476ec9d0
[DEBUG] 2026-10-08 22:40:45.105 [main] BasicTypeRegistry - Adding type registration date -> org.hibernate.type.DateType@51ec2df1
[DEBUG] 2026-10-08 22:40:45.105 [main] BasicTypeRegistry - Adding type registration java.sql.Date -> org.hibernate.type.DateType@51ec2df1
[DEBUG] 2026-10-08 22:40:45.106 [main] BasicTypeRegistry - Adding type registration time -> org.hibernate.type.TimeType@64138b0c
[DEBUG] 2026-10-08 22:40:45.106 [main] BasicTypeRegistry - Adding type registration java.sql.Time -> org.hibernate.type.TimeType@64138b0c
[DEBUG] 2026-10-08 22:40:45.106 [main] BasicTypeRegistry - Adding type registration timestamp -> org.hibernate.type.TimestampType@1698d7c0
[DEBUG] 2026-10-08 22:40:45.108 [main] BasicTypeRegistry - Adding type registration java.sql.Timestamp -> org.hibernate.type.TimestampType@1698d7c0
[DEBUG] 2026-10-08 22:40:45.108 [main] BasicTypeRegistry - Adding type registration java.util.Date -> org.hibernate.type.TimestampType@1698d7c0
[DEBUG] 2026-10-08 22:40:45.109 [main] BasicTypeRegistry - Adding type registration dbtimestamp -> org.hibernate.type.DbTimestampType@782168b7
[DEBUG] 2026-10-08 22:40:45.110 [main] BasicTypeRegistry - Adding type registration calendar -> org.hibernate.type.CalendarType@2b214b94
[DEBUG] 2026-10-08 22:40:45.110 [main] BasicTypeRegistry - Adding type registration java.util.Calendar -> org.hibernate.type.CalendarType@2b214b94
[DEBUG] 2026-10-08 22:40:45.110 [main] BasicTypeRegistry - Adding type registration java.util.GregorianCalendar -> org.hibernate.type.CalendarType@2b214b94
[DEBUG] 2026-10-08 22:40:45.111 [main] BasicTypeRegistry - Adding type registration calendar_date -> org.hibernate.type.CalendarDateType@6daf2337
[DEBUG] 2026-10-08 22:40:45.112 [main] BasicTypeRegistry - Adding type registration calendar_time -> org.hibernate.type.CalendarTimeType@60e5272
[DEBUG] 2026-10-08 22:40:45.113 [main] BasicTypeRegistry - Adding type registration locale -> org.hibernate.type.LocaleType@52b6319f
[DEBUG] 2026-10-08 22:40:45.113 [main] BasicTypeRegistry - Adding type registration java.util.Locale -> org.hibernate.type.LocaleType@52b6319f
[DEBUG] 2026-10-08 22:40:45.114 [main] BasicTypeRegistry - Adding type registration currency -> org.hibernate.type.CurrencyType@215a34b4
[DEBUG] 2026-10-08 22:40:45.114 [main] BasicTypeRegistry - Adding type registration java.util.Currency -> org.hibernate.type.CurrencyType@215a34b4
[DEBUG] 2026-10-08 22:40:45.115 [main] BasicTypeRegistry - Adding type registration timezone -> org.hibernate.type.TimeZoneType@706cb08
[DEBUG] 2026-10-08 22:40:45.115 [main] BasicTypeRegistry - Adding type registration java.util.TimeZone -> org.hibernate.type.TimeZoneType@706cb08
[DEBUG] 2026-10-08 22:40:45.115 [main] BasicTypeRegistry - Adding type registration class -> org.hibernate.type.ClassType@5631962
[DEBUG] 2026-10-08 22:40:45.115 [main] BasicTypeRegistry - Adding type registration java.lang.Class -> org.hibernate.type.ClassType@5631962
[DEBUG] 2026-10-08 22:40:45.116 [main] BasicTypeRegistry - Adding type registration uuid-binary -> org.hibernate.type.UUIDBinaryType@3b6c624
[DEBUG] 2026-10-08 22:40:45.117 [main] BasicTypeRegistry - Adding type registration java.util.UUID -> org.hibernate.type.UUIDBinaryType@3b6c624
[DEBUG] 2026-10-08 22:40:45.118 [main] BasicTypeRegistry - Adding type registration uuid-char -> org.hibernate.type.UUIDCharType@5754de72
[DEBUG] 2026-10-08 22:40:45.119 [main] BasicTypeRegistry - Adding type registration binary -> org.hibernate.type.BinaryType@1eb6e1c
[DEBUG] 2026-10-08 22:40:45.119 [main] BasicTypeRegistry - Adding type registration byte[] -> org.hibernate.type.BinaryType@1eb6e1c
[DEBUG] 2026-10-08 22:40:45.119 [main] BasicTypeRegistry - Adding type registration [B -> org.hibernate.type.BinaryType@1eb6e1c
[DEBUG] 2026-10-08 22:40:45.120 [main] BasicTypeRegistry - Adding type registration wrapper-binary -> org.hibernate.type.WrapperBinaryType@29852487
[DEBUG] 2026-10-08 22:40:45.120 [main] BasicTypeRegistry - Adding type registration Byte[] -> org.hibernate.type.WrapperBinaryType@29852487
[DEBUG] 2026-10-08 22:40:45.120 [main] BasicTypeRegistry - Adding type registration [Ljava.lang.Byte; -> org.hibernate.type.WrapperBinaryType@29852487
[DEBUG] 2026-10-08 22:40:45.121 [main] BasicTypeRegistry - Adding type registration row_version -> org.hibernate.type.RowVersionType@3be4f71
[DEBUG] 2026-10-08 22:40:45.121 [main] BasicTypeRegistry - Adding type registration image -> org.hibernate.type.ImageType@58399d82
[DEBUG] 2026-10-08 22:40:45.123 [main] BasicTypeRegistry - Adding type registration characters -> org.hibernate.type.CharArrayType@78e89bfe
[DEBUG] 2026-10-08 22:40:45.123 [main] BasicTypeRegistry - Adding type registration char[] -> org.hibernate.type.CharArrayType@78e89bfe
[DEBUG] 2026-10-08 22:40:45.123 [main] BasicTypeRegistry - Adding type registration [C -> org.hibernate.type.CharArrayType@78e89bfe
[DEBUG] 2026-10-08 22:40:45.124 [main] BasicTypeRegistry - Adding type registration wrapper-characters -> org.hibernate.type.CharacterArrayType@1e6cc850
[DEBUG] 2026-10-08 22:40:45.124 [main] BasicTypeRegistry - Adding type registration [Ljava.lang.Character; -> org.hibernate.type.CharacterArrayType@1e6cc850
[DEBUG] 2026-10-08 22:40:45.124 [main] BasicTypeRegistry - Adding type registration Character[] -> org.hibernate.type.CharacterArrayType@1e6cc850
[DEBUG] 2026-10-08 22:40:45.124 [main] BasicTypeRegistry - Adding type registration text -> org.hibernate.type.TextType@656d10a4
[DEBUG] 2026-10-08 22:40:45.125 [main] BasicTypeRegistry - Adding type registration ntext -> org.hibernate.type.NTextType@7a344b65
[DEBUG] 2026-10-08 22:40:45.127 [main] BasicTypeRegistry - Adding type registration blob -> org.hibernate.type.BlobType@2788d0fe
[DEBUG] 2026-10-08 22:40:45.128 [main] BasicTypeRegistry - Adding type registration java.sql.Blob -> org.hibernate.type.BlobType@2788d0fe
[DEBUG] 2026-10-08 22:40:45.128 [main] BasicTypeRegistry - Adding type registration materialized_blob -> org.hibernate.type.MaterializedBlobType@4c03a37
[DEBUG] 2026-10-08 22:40:45.130 [main] BasicTypeRegistry - Adding type registration clob -> org.hibernate.type.ClobType@769d513
[DEBUG] 2026-10-08 22:40:45.130 [main] BasicTypeRegistry - Adding type registration java.sql.Clob -> org.hibernate.type.ClobType@769d513
[DEBUG] 2026-10-08 22:40:45.131 [main] BasicTypeRegistry - Adding type registration nclob -> org.hibernate.type.NClobType@9d200de
[DEBUG] 2026-10-08 22:40:45.131 [main] BasicTypeRegistry - Adding type registration java.sql.NClob -> org.hibernate.type.NClobType@9d200de
[DEBUG] 2026-10-08 22:40:45.131 [main] BasicTypeRegistry - Adding type registration materialized_clob -> org.hibernate.type.MaterializedClobType@cb0f763
[DEBUG] 2026-10-08 22:40:45.132 [main] BasicTypeRegistry - Adding type registration materialized_nclob -> org.hibernate.type.MaterializedNClobType@213860b8
[DEBUG] 2026-10-08 22:40:45.133 [main] BasicTypeRegistry - Adding type registration serializable -> org.hibernate.type.SerializableType@15fb7a32
[DEBUG] 2026-10-08 22:40:45.136 [main] BasicTypeRegistry - Adding type registration object -> org.hibernate.type.ObjectType@6ed06f69
[DEBUG] 2026-10-08 22:40:45.136 [main] BasicTypeRegistry - Adding type registration java.lang.Object -> org.hibernate.type.ObjectType@6ed06f69
[DEBUG] 2026-10-08 22:40:45.137 [main] BasicTypeRegistry - Adding type registration imm_date -> org.hibernate.type.AdaptedImmutableType@39109136
[DEBUG] 2026-10-08 22:40:45.137 [main] BasicTypeRegistry - Adding type registration imm_time -> org.hibernate.type.AdaptedImmutableType@27c04377
[DEBUG] 2026-10-08 22:40:45.137 [main] BasicTypeRegistry - Adding type registration imm_timestamp -> org.hibernate.type.AdaptedImmutableType@34dc85a
[DEBUG] 2026-10-08 22:40:45.137 [main] BasicTypeRegistry - Adding type registration imm_dbtimestamp -> org.hibernate.type.AdaptedImmutableType@67403656
[DEBUG] 2026-10-08 22:40:45.137 [main] BasicTypeRegistry - Adding type registration imm_calendar -> org.hibernate.type.AdaptedImmutableType@5a6482a9
[DEBUG] 2026-10-08 22:40:45.137 [main] BasicTypeRegistry - Adding type registration imm_calendar_date -> org.hibernate.type.AdaptedImmutableType@7f9ab969
[DEBUG] 2026-10-08 22:40:45.137 [main] BasicTypeRegistry - Adding type registration imm_binary -> org.hibernate.type.AdaptedImmutableType@12f8b1d8
[DEBUG] 2026-10-08 22:40:45.137 [main] BasicTypeRegistry - Adding type registration imm_serializable -> org.hibernate.type.AdaptedImmutableType@746cd757
[DEBUG] 2026-10-08 22:40:45.181 [main] DefaultIdentifierGeneratorFactory - Registering IdentifierGenerator strategy [uuid2] -> [org.hibernate.id.UUIDGenerator]
[DEBUG] 2026-10-08 22:40:45.181 [main] DefaultIdentifierGeneratorFactory - Registering IdentifierGenerator strategy [guid] -> [org.hibernate.id.GUIDGenerator]
[DEBUG] 2026-10-08 22:40:45.182 [main] DefaultIdentifierGeneratorFactory - Registering IdentifierGenerator strategy [uuid] -> [org.hibernate.id.UUIDHexGenerator]
[DEBUG] 2026-10-08 22:40:45.182 [main] DefaultIdentifierGeneratorFactory - Registering IdentifierGenerator strategy [uuid.hex] -> [org.hibernate.id.UUIDHexGenerator]
[DEBUG] 2026-10-08 22:40:45.183 [main] DefaultIdentifierGeneratorFactory - Registering IdentifierGenerator strategy [assigned] -> [org.hibernate.id.Assigned]
[DEBUG] 2026-10-08 22:40:45.184 [main] DefaultIdentifierGeneratorFactory - Registering IdentifierGenerator strategy [identity] -> [org.hibernate.id.IdentityGenerator]
[DEBUG] 2026-10-08 22:40:45.185 [main] DefaultIdentifierGeneratorFactory - Registering IdentifierGenerator strategy [select] -> [org.hibernate.id.SelectGenerator]
[DEBUG] 2026-10-08 22:40:45.185 [main] DefaultIdentifierGeneratorFactory - Registering IdentifierGenerator strategy [sequence] -> [org.hibernate.id.enhanced.SequenceStyleGenerator]
[DEBUG] 2026-10-08 22:40:45.187 [main] DefaultIdentifierGeneratorFactory - Registering IdentifierGenerator strategy [seqhilo] -> [org.hibernate.id.SequenceHiLoGenerator]
[DEBUG] 2026-10-08 22:40:45.188 [main] DefaultIdentifierGeneratorFactory - Registering IdentifierGenerator strategy [increment] -> [org.hibernate.id.IncrementGenerator]
[DEBUG] 2026-10-08 22:40:45.188 [main] DefaultIdentifierGeneratorFactory - Registering IdentifierGenerator strategy [foreign] -> [org.hibernate.id.ForeignGenerator]
[DEBUG] 2026-10-08 22:40:45.188 [main] DefaultIdentifierGeneratorFactory - Registering IdentifierGenerator strategy [sequence-identity] -> [org.hibernate.id.SequenceIdentityGenerator]
[DEBUG] 2026-10-08 22:40:45.189 [main] DefaultIdentifierGeneratorFactory - Registering IdentifierGenerator strategy [enhanced-sequence] -> [org.hibernate.id.enhanced.SequenceStyleGenerator]
[DEBUG] 2026-10-08 22:40:45.189 [main] DefaultIdentifierGeneratorFactory - Registering IdentifierGenerator strategy [enhanced-table] -> [org.hibernate.id.enhanced.TableGenerator]
[WARN ] 2026-10-08 22:40:45.192 [main] ConnectionProviderInitiator - HHH000022: c3p0 properties were encountered, but the c3p0 provider class was not found on the classpath; these properties are going to be ignored.
[WARN ] 2026-10-08 22:40:45.194 [main] pooling - HHH10001002: Using Hibernate built-in connection pool (not for production use!)
[INFO ] 2026-10-08 22:40:45.199 [main] pooling - HHH10001005: using driver [com.mysql.cj.jdbc.Driver] at URL [jdbc:mysql://localhost:3306/german_tracker_test]
[INFO ] 2026-10-08 22:40:45.199 [main] pooling - HHH10001001: Connection properties: {password=student, user=root}
[INFO ] 2026-10-08 22:40:45.199 [main] pooling - HHH10001003: Autocommit mode: false
[DEBUG] 2026-10-08 22:40:45.203 [main] DriverManagerConnectionProviderImpl - Initializing Connection pool with 1 Connections
[INFO ] 2026-10-08 22:40:45.214 [main] DriverManagerConnectionProviderImpl - HHH000115: Hibernate connection pool size: 20 (min=1)
[DEBUG] 2026-10-08 22:40:45.654 [main] JdbcEnvironmentInitiator - Database ->
       name : MySQL
    version : 8.4.11
      major : 8
      minor : 4
[DEBUG] 2026-10-08 22:40:45.654 [main] JdbcEnvironmentInitiator - Driver ->
       name : MySQL Connector/J
    version : mysql-connector-java-8.0.16 (Revision: 34cbc6bc61f72836e26327537a432d6db7c77de6)
      major : 8
      minor : 0
[DEBUG] 2026-10-08 22:40:45.655 [main] JdbcEnvironmentInitiator - JDBC version : 4.2
[INFO ] 2026-10-08 22:40:45.695 [main] Dialect - HHH000400: Using dialect: org.hibernate.dialect.MySQL8Dialect
[DEBUG] 2026-10-08 22:40:45.714 [main] IdentifierHelperBuilder - JDBC driver metadata reported database stores quoted identifiers in more than one case
[DEBUG] 2026-10-08 22:40:45.715 [main] IdentifierHelperBuilder - IdentifierCaseStrategy for both quoted and unquoted identifiers was set to the same strategy [LOWER]; that will likely lead to problems in schema update and validation if using quoted identifiers
[INFO ] 2026-10-08 22:40:45.731 [main] beans - HHH10005002: No explicit CDI BeanManager reference was passed to Hibernate, but CDI is available on the Hibernate ClassLoader.
[DEBUG] 2026-10-08 22:40:45.740 [main] TypeConfiguration$Scope - Scoping TypeConfiguration [org.hibernate.type.spi.TypeConfiguration@1de9b505] to MetadataBuildingContext [org.hibernate.boot.internal.MetadataBuildingContextRootImpl@7b122839]
[DEBUG] 2026-10-08 22:40:45.787 [main] Namespace - Created database namespace [logicalName=Name{catalog=null, schema=null}, physicalName=Name{catalog=null, schema=null}]
[DEBUG] 2026-10-08 22:40:45.803 [main] AnnotationBinder - Binding entity from annotated class: fonik.app.entity.User
[DEBUG] 2026-10-08 22:40:45.827 [main] Ejb3Column - Binding column: Ejb3DiscriminatorColumn{logicalColumnName'DTYPE', discriminatorTypeName='string'}
[DEBUG] 2026-10-08 22:40:45.835 [main] EntityBinder - Import with entity name User
[DEBUG] 2026-10-08 22:40:45.840 [main] EntityBinder - Bind entity fonik.app.entity.User on table users
[DEBUG] 2026-10-08 22:40:45.874 [main] Ejb3Column - Binding column: Ejb3Column{table=org.hibernate.mapping.Table(users), mappingColumn=id, insertable=true, updatable=true, unique=false}
[DEBUG] 2026-10-08 22:40:45.877 [main] ClassLoaderAccessImpl - Not known whether passed class name [fonik.app.entity.User] is safe
[DEBUG] 2026-10-08 22:40:45.877 [main] ClassLoaderAccessImpl - No temp ClassLoader provided; using live ClassLoader for loading potentially unsafe class : fonik.app.entity.User
[DEBUG] 2026-10-08 22:40:45.878 [main] PropertyBinder - MetadataSourceProcessor property id with lazy=false
[DEBUG] 2026-10-08 22:40:45.880 [main] AbstractPropertyHolder - Attempting to locate auto-apply AttributeConverter for property [fonik.app.entity.User:id]
[DEBUG] 2026-10-08 22:40:45.882 [main] SimpleValueBinder - building SimpleValue for id
[DEBUG] 2026-10-08 22:40:45.885 [main] PropertyBinder - Building property id
[DEBUG] 2026-10-08 22:40:45.888 [main] BinderHelper - #makeIdGenerator(org.hibernate.mapping.SimpleValue([org.hibernate.mapping.Column(id)]), id, identity, , ...)
[DEBUG] 2026-10-08 22:40:45.888 [main] Ejb3Column - Binding column: Ejb3Column{table=org.hibernate.mapping.Table(users), mappingColumn=email, insertable=true, updatable=true, unique=true}
[DEBUG] 2026-10-08 22:40:45.889 [main] PropertyBinder - MetadataSourceProcessor property email with lazy=false
[DEBUG] 2026-10-08 22:40:45.889 [main] AbstractPropertyHolder - Attempting to locate auto-apply AttributeConverter for property [fonik.app.entity.User:email]
[DEBUG] 2026-10-08 22:40:45.889 [main] SimpleValueBinder - building SimpleValue for email
[DEBUG] 2026-10-08 22:40:45.889 [main] PropertyBinder - Building property email
[DEBUG] 2026-10-08 22:40:45.889 [main] Ejb3Column - Binding column: Ejb3Column{table=org.hibernate.mapping.Table(users), mappingColumn=password, insertable=true, updatable=true, unique=false}
[DEBUG] 2026-10-08 22:40:45.890 [main] PropertyBinder - MetadataSourceProcessor property password with lazy=false
[DEBUG] 2026-10-08 22:40:45.890 [main] AbstractPropertyHolder - Attempting to locate auto-apply AttributeConverter for property [fonik.app.entity.User:password]
[DEBUG] 2026-10-08 22:40:45.890 [main] SimpleValueBinder - building SimpleValue for password
[DEBUG] 2026-10-08 22:40:45.890 [main] PropertyBinder - Building property password
[DEBUG] 2026-10-08 22:40:45.890 [main] Ejb3Column - Binding column: Ejb3Column{table=org.hibernate.mapping.Table(users), mappingColumn=username, insertable=true, updatable=true, unique=true}
[DEBUG] 2026-10-08 22:40:45.890 [main] PropertyBinder - MetadataSourceProcessor property username with lazy=false
[DEBUG] 2026-10-08 22:40:45.890 [main] AbstractPropertyHolder - Attempting to locate auto-apply AttributeConverter for property [fonik.app.entity.User:username]
[DEBUG] 2026-10-08 22:40:45.891 [main] SimpleValueBinder - building SimpleValue for username
[DEBUG] 2026-10-08 22:40:45.891 [main] PropertyBinder - Building property username
[DEBUG] 2026-10-08 22:40:45.892 [main] Ejb3Column - Binding column: Ejb3JoinColumn{logicalColumnName='null', referencedColumn='null', mappedBy='user'}
[DEBUG] 2026-10-08 22:40:45.892 [main] Ejb3Column - Binding column: Ejb3Column{table=org.hibernate.mapping.Table(users), mappingColumn=vocabulary, insertable=true, updatable=true, unique=false}
[DEBUG] 2026-10-08 22:40:45.895 [main] Ejb3Column - Binding column: Ejb3Column{table=org.hibernate.mapping.Table(users), mappingColumn=null, insertable=true, updatable=true, unique=false}
[DEBUG] 2026-10-08 22:40:45.905 [main] Ejb3Column - Binding column: Ejb3Column{table=org.hibernate.mapping.Table(users), mappingColumn=element, insertable=true, updatable=true, unique=false}
[DEBUG] 2026-10-08 22:40:45.905 [main] Ejb3Column - Binding column: Ejb3Column{table=org.hibernate.mapping.Table(users), mappingColumn=vocabulary_KEY, insertable=true, updatable=true, unique=false}
[DEBUG] 2026-10-08 22:40:45.907 [main] Ejb3Column - Binding column: Ejb3JoinColumn{logicalColumnName='vocabulary_KEY', referencedColumn='null', mappedBy='null'}
[DEBUG] 2026-10-08 22:40:45.908 [main] Ejb3Column - Binding column: Ejb3JoinColumn{logicalColumnName='null', referencedColumn='null', mappedBy='user'}
[DEBUG] 2026-10-08 22:40:45.909 [main] Ejb3Column - Binding column: Ejb3JoinColumn{logicalColumnName='null', referencedColumn='null', mappedBy='user'}
[DEBUG] 2026-10-08 22:40:45.909 [main] CollectionBinder - Collection role: fonik.app.entity.User.vocabulary
[DEBUG] 2026-10-08 22:40:45.912 [main] PropertyBinder - Building property vocabulary
[DEBUG] 2026-10-08 22:40:45.918 [main] AnnotationBinder - Binding entity from annotated class: fonik.app.entity.Vocabulary
[DEBUG] 2026-10-08 22:40:45.918 [main] Ejb3Column - Binding column: Ejb3DiscriminatorColumn{logicalColumnName'DTYPE', discriminatorTypeName='string'}
[DEBUG] 2026-10-08 22:40:45.918 [main] EntityBinder - Import with entity name Vocabulary
[DEBUG] 2026-10-08 22:40:45.918 [main] EntityBinder - Bind entity fonik.app.entity.Vocabulary on table vocabulary
[DEBUG] 2026-10-08 22:40:45.923 [main] Ejb3Column - Binding column: Ejb3Column{table=org.hibernate.mapping.Table(vocabulary), mappingColumn=id, insertable=true, updatable=true, unique=false}
[DEBUG] 2026-10-08 22:40:45.923 [main] ClassLoaderAccessImpl - Not known whether passed class name [fonik.app.entity.Vocabulary] is safe
[DEBUG] 2026-10-08 22:40:45.923 [main] ClassLoaderAccessImpl - No temp ClassLoader provided; using live ClassLoader for loading potentially unsafe class : fonik.app.entity.Vocabulary
[DEBUG] 2026-10-08 22:40:45.923 [main] PropertyBinder - MetadataSourceProcessor property id with lazy=false
[DEBUG] 2026-10-08 22:40:45.924 [main] AbstractPropertyHolder - Attempting to locate auto-apply AttributeConverter for property [fonik.app.entity.Vocabulary:id]
[DEBUG] 2026-10-08 22:40:45.924 [main] SimpleValueBinder - building SimpleValue for id
[DEBUG] 2026-10-08 22:40:45.924 [main] PropertyBinder - Building property id
[DEBUG] 2026-10-08 22:40:45.924 [main] BinderHelper - #makeIdGenerator(org.hibernate.mapping.SimpleValue([org.hibernate.mapping.Column(id)]), id, identity, , ...)
[DEBUG] 2026-10-08 22:40:45.924 [main] Ejb3Column - Binding column: Ejb3Column{table=org.hibernate.mapping.Table(vocabulary), mappingColumn=article, insertable=true, updatable=true, unique=false}
[DEBUG] 2026-10-08 22:40:45.924 [main] PropertyBinder - MetadataSourceProcessor property article with lazy=false
[DEBUG] 2026-10-08 22:40:45.924 [main] AbstractPropertyHolder - Attempting to locate auto-apply AttributeConverter for property [fonik.app.entity.Vocabulary:article]
[DEBUG] 2026-10-08 22:40:45.924 [main] SimpleValueBinder - building SimpleValue for article
[DEBUG] 2026-10-08 22:40:45.924 [main] PropertyBinder - Building property article
[DEBUG] 2026-10-08 22:40:45.924 [main] Ejb3Column - Binding column: Ejb3Column{table=org.hibernate.mapping.Table(vocabulary), mappingColumn=english_meaning, insertable=true, updatable=true, unique=false}
[DEBUG] 2026-10-08 22:40:45.925 [main] PropertyBinder - MetadataSourceProcessor property englishMeaning with lazy=false
[DEBUG] 2026-10-08 22:40:45.925 [main] AbstractPropertyHolder - Attempting to locate auto-apply AttributeConverter for property [fonik.app.entity.Vocabulary:englishMeaning]
[DEBUG] 2026-10-08 22:40:45.925 [main] SimpleValueBinder - building SimpleValue for englishMeaning
[DEBUG] 2026-10-08 22:40:45.925 [main] PropertyBinder - Building property englishMeaning
[DEBUG] 2026-10-08 22:40:45.925 [main] Ejb3Column - Binding column: Ejb3Column{table=org.hibernate.mapping.Table(vocabulary), mappingColumn=german_word, insertable=true, updatable=true, unique=false}
[DEBUG] 2026-10-08 22:40:45.925 [main] PropertyBinder - MetadataSourceProcessor property germanWord with lazy=false
[DEBUG] 2026-10-08 22:40:45.925 [main] AbstractPropertyHolder - Attempting to locate auto-apply AttributeConverter for property [fonik.app.entity.Vocabulary:germanWord]
[DEBUG] 2026-10-08 22:40:45.925 [main] SimpleValueBinder - building SimpleValue for germanWord
[DEBUG] 2026-10-08 22:40:45.925 [main] PropertyBinder - Building property germanWord
[DEBUG] 2026-10-08 22:40:45.925 [main] Ejb3Column - Binding column: Ejb3Column{table=org.hibernate.mapping.Table(vocabulary), mappingColumn=plural, insertable=true, updatable=true, unique=false}
[DEBUG] 2026-10-08 22:40:45.925 [main] PropertyBinder - MetadataSourceProcessor property plural with lazy=false
[DEBUG] 2026-10-08 22:40:45.926 [main] AbstractPropertyHolder - Attempting to locate auto-apply AttributeConverter for property [fonik.app.entity.Vocabulary:plural]
[DEBUG] 2026-10-08 22:40:45.926 [main] SimpleValueBinder - building SimpleValue for plural
[DEBUG] 2026-10-08 22:40:45.926 [main] PropertyBinder - Building property plural
[DEBUG] 2026-10-08 22:40:45.926 [main] Ejb3Column - Binding column: Ejb3JoinColumn{logicalColumnName='user_id', referencedColumn='', mappedBy=''}
[DEBUG] 2026-10-08 22:40:45.926 [main] Ejb3Column - Binding column: Ejb3Column{table=org.hibernate.mapping.Table(vocabulary), mappingColumn=user, insertable=true, updatable=true, unique=false}
[DEBUG] 2026-10-08 22:40:45.927 [main] PropertyBinder - Building property user
[DEBUG] 2026-10-08 22:40:45.930 [main] SimpleValueBinder - Starting fillSimpleValue for id
[DEBUG] 2026-10-08 22:40:45.930 [main] SimpleValueBinder - Starting fillSimpleValue for email
[DEBUG] 2026-10-08 22:40:45.930 [main] SimpleValueBinder - Starting fillSimpleValue for password
[DEBUG] 2026-10-08 22:40:45.930 [main] SimpleValueBinder - Starting fillSimpleValue for username
[DEBUG] 2026-10-08 22:40:45.930 [main] SimpleValueBinder - Starting fillSimpleValue for id
[DEBUG] 2026-10-08 22:40:45.930 [main] SimpleValueBinder - Starting fillSimpleValue for article
[DEBUG] 2026-10-08 22:40:45.930 [main] SimpleValueBinder - Starting fillSimpleValue for englishMeaning
[DEBUG] 2026-10-08 22:40:45.931 [main] SimpleValueBinder - Starting fillSimpleValue for germanWord
[DEBUG] 2026-10-08 22:40:45.931 [main] SimpleValueBinder - Starting fillSimpleValue for plural
[DEBUG] 2026-10-08 22:40:45.937 [main] PrimaryKey - Forcing column [id] to be non-null as it is part of the primary key for table [users]
[DEBUG] 2026-10-08 22:40:45.937 [main] PrimaryKey - Forcing column [id] to be non-null as it is part of the primary key for table [vocabulary]
[DEBUG] 2026-10-08 22:40:45.937 [main] CollectionSecondPass - Second pass for collection: fonik.app.entity.User.vocabulary
[DEBUG] 2026-10-08 22:40:45.938 [main] CollectionBinder - Binding a OneToMany: fonik.app.entity.User.vocabulary through a foreign key
[DEBUG] 2026-10-08 22:40:45.938 [main] CollectionBinder - Mapping collection: fonik.app.entity.User.vocabulary -> vocabulary
[DEBUG] 2026-10-08 22:40:45.939 [main] TableBinder - Retrieving property fonik.app.entity.Vocabulary.user
[DEBUG] 2026-10-08 22:40:45.940 [main] CollectionSecondPass - Mapped collection key: user_id, one-to-many: fonik.app.entity.Vocabulary
[DEBUG] 2026-10-08 22:40:45.940 [main] InFlightMetadataCollectorImpl - Resolving reference to class: fonik.app.entity.User
[DEBUG] 2026-10-08 22:40:45.942 [main] InFlightMetadataCollectorImpl - Resolving reference to class: fonik.app.entity.User
[DEBUG] 2026-10-08 22:40:45.981 [main] SessionFactoryImpl - Building session factory
[DEBUG] 2026-10-08 22:40:45.982 [main] Settings - SessionFactory name : null
[DEBUG] 2026-10-08 22:40:45.983 [main] Settings - Automatic flush during beforeCompletion(): enabled
[DEBUG] 2026-10-08 22:40:45.983 [main] Settings - Automatic session close at end of transaction: disabled
[DEBUG] 2026-10-08 22:40:45.983 [main] Settings - Statistics: disabled
[DEBUG] 2026-10-08 22:40:45.983 [main] Settings - Deleted entity synthetic identifier rollback: disabled
[DEBUG] 2026-10-08 22:40:45.983 [main] Settings - Default entity-mode: pojo
[DEBUG] 2026-10-08 22:40:45.983 [main] Settings - Check Nullability in Core (should be disabled when Bean Validation is on): enabled
[DEBUG] 2026-10-08 22:40:45.983 [main] Settings - Allow initialization of lazy state outside session : disabled
[DEBUG] 2026-10-08 22:40:45.983 [main] Settings - Using BatchFetchStyle : LEGACY
[DEBUG] 2026-10-08 22:40:45.983 [main] Settings - Default batch fetch size: -1
[DEBUG] 2026-10-08 22:40:45.984 [main] Settings - Maximum outer join fetch depth: 2
[DEBUG] 2026-10-08 22:40:45.984 [main] Settings - Default null ordering: NONE
[DEBUG] 2026-10-08 22:40:45.984 [main] Settings - Order SQL updates by primary key: disabled
[DEBUG] 2026-10-08 22:40:45.984 [main] Settings - Order SQL inserts for batching: disabled
[DEBUG] 2026-10-08 22:40:45.984 [main] Settings - multi-tenancy strategy : NONE
[DEBUG] 2026-10-08 22:40:45.984 [main] Settings - JTA Track by Thread: enabled
[DEBUG] 2026-10-08 22:40:45.984 [main] Settings - Query language substitutions: {}
[DEBUG] 2026-10-08 22:40:45.984 [main] Settings - Named query checking : enabled
[DEBUG] 2026-10-08 22:40:45.984 [main] Settings - Second-level cache: disabled
[DEBUG] 2026-10-08 22:40:45.984 [main] Settings - Second-level query cache: disabled
[DEBUG] 2026-10-08 22:40:45.986 [main] Settings - Second-level query cache factory: null
[DEBUG] 2026-10-08 22:40:45.986 [main] Settings - Second-level cache region prefix: null
[DEBUG] 2026-10-08 22:40:45.986 [main] Settings - Optimize second-level cache for minimal puts: disabled
[DEBUG] 2026-10-08 22:40:45.986 [main] Settings - Structured second-level cache entries: disabled
[DEBUG] 2026-10-08 22:40:45.986 [main] Settings - Second-level cache direct-reference entries: disabled
[DEBUG] 2026-10-08 22:40:45.986 [main] Settings - Automatic eviction of collection cache: disabled
[DEBUG] 2026-10-08 22:40:45.986 [main] Settings - JDBC batch size: 15
[DEBUG] 2026-10-08 22:40:45.986 [main] Settings - JDBC batch updates for versioned data: enabled
[DEBUG] 2026-10-08 22:40:45.986 [main] Settings - Scrollable result sets: enabled
[DEBUG] 2026-10-08 22:40:45.986 [main] Settings - Wrap result sets: disabled
[DEBUG] 2026-10-08 22:40:45.986 [main] Settings - JDBC3 getGeneratedKeys(): enabled
[DEBUG] 2026-10-08 22:40:45.986 [main] Settings - JDBC result set fetch size: null
[DEBUG] 2026-10-08 22:40:45.986 [main] Settings - Connection release mode: AFTER_TRANSACTION
[DEBUG] 2026-10-08 22:40:45.986 [main] Settings - Generate SQL with comments: disabled
[DEBUG] 2026-10-08 22:40:45.987 [main] Settings - JPA compliance - query : disabled
[DEBUG] 2026-10-08 22:40:45.987 [main] Settings - JPA compliance - closed-handling : disabled
[DEBUG] 2026-10-08 22:40:45.987 [main] Settings - JPA compliance - lists : disabled
[DEBUG] 2026-10-08 22:40:45.987 [main] Settings - JPA compliance - transactions : disabled
[DEBUG] 2026-10-08 22:40:46.047 [main] SessionFactoryServiceRegistryImpl - EventListenerRegistry access via ServiceRegistry is deprecated.  Use `sessionFactory.getEventEngine().getListenerRegistry()` instead
[DEBUG] 2026-10-08 22:40:46.050 [main] SessionFactoryServiceRegistryImpl - EventListenerRegistry access via ServiceRegistry is deprecated.  Use `sessionFactory.getEventEngine().getListenerRegistry()` instead
[DEBUG] 2026-10-08 22:40:46.071 [main] SessionFactoryImpl - Session factory constructed with filter configurations : {}
[DEBUG] 2026-10-08 22:40:46.071 [main] SessionFactoryImpl - Instantiating session factory with properties: {sun.desktop=windows, awt.toolkit=sun.awt.windows.WToolkit, java.specification.version=11, sun.cpu.isalist=amd64, hibernate.c3p0.idle_test_period=3000, sun.jnu.encoding=Cp1252, hibernate.c3p0.min_size=5, java.class.path=C:\Users\egaritaluis\IdeaProjects\GermanApp\target\test-classes;C:\Users\egaritaluis\IdeaProjects\GermanApp\target\classes;C:\Users\egaritaluis\.m2\repository\org\hibernate\hibernate-core\5.6.15.Final\hibernate-core-5.6.15.Final.jar;C:\Users\egaritaluis\.m2\repository\org\jboss\logging\jboss-logging\3.4.3.Final\jboss-logging-3.4.3.Final.jar;C:\Users\egaritaluis\.m2\repository\javax\persistence\javax.persistence-api\2.2\javax.persistence-api-2.2.jar;C:\Users\egaritaluis\.m2\repository\net\bytebuddy\byte-buddy\1.12.18\byte-buddy-1.12.18.jar;C:\Users\egaritaluis\.m2\repository\antlr\antlr\2.7.7\antlr-2.7.7.jar;C:\Users\egaritaluis\.m2\repository\org\jboss\spec\javax\transaction\jboss-transaction-api_1.2_spec\1.1.1.Final\jboss-transaction-api_1.2_spec-1.1.1.Final.jar;C:\Users\egaritaluis\.m2\repository\org\jboss\jandex\2.4.2.Final\jandex-2.4.2.Final.jar;C:\Users\egaritaluis\.m2\repository\com\fasterxml\classmate\1.5.1\classmate-1.5.1.jar;C:\Users\egaritaluis\.m2\repository\javax\activation\javax.activation-api\1.2.0\javax.activation-api-1.2.0.jar;C:\Users\egaritaluis\.m2\repository\org\hibernate\common\hibernate-commons-annotations\5.1.2.Final\hibernate-commons-annotations-5.1.2.Final.jar;C:\Users\egaritaluis\.m2\repository\javax\xml\bind\jaxb-api\2.3.1\jaxb-api-2.3.1.jar;C:\Users\egaritaluis\.m2\repository\org\glassfish\jaxb\jaxb-runtime\2.3.1\jaxb-runtime-2.3.1.jar;C:\Users\egaritaluis\.m2\repository\org\glassfish\jaxb\txw2\2.3.1\txw2-2.3.1.jar;C:\Users\egaritaluis\.m2\repository\com\sun\istack\istack-commons-runtime\3.0.7\istack-commons-runtime-3.0.7.jar;C:\Users\egaritaluis\.m2\repository\org\jvnet\staxex\stax-ex\1.8\stax-ex-1.8.jar;C:\Users\egaritaluis\.m2\repository\com\sun\xml\fastinfoset\FastInfoset\1.2.15\FastInfoset-1.2.15.jar;C:\Users\egaritaluis\.m2\repository\org\junit\platform\junit-platform-runner\1.0.0\junit-platform-runner-1.0.0.jar;C:\Users\egaritaluis\.m2\repository\org\apiguardian\apiguardian-api\1.0.0\apiguardian-api-1.0.0.jar;C:\Users\egaritaluis\.m2\repository\org\junit\platform\junit-platform-launcher\1.0.0\junit-platform-launcher-1.0.0.jar;C:\Users\egaritaluis\.m2\repository\org\junit\platform\junit-platform-suite-api\1.0.0\junit-platform-suite-api-1.0.0.jar;C:\Users\egaritaluis\.m2\repository\org\junit\platform\junit-platform-commons\1.0.0\junit-platform-commons-1.0.0.jar;C:\Users\egaritaluis\.m2\repository\org\junit\vintage\junit-vintage-engine\4.12.0\junit-vintage-engine-4.12.0.jar;C:\Users\egaritaluis\.m2\repository\org\junit\platform\junit-platform-engine\1.0.0\junit-platform-engine-1.0.0.jar;C:\Users\egaritaluis\.m2\repository\org\opentest4j\opentest4j\1.0.0\opentest4j-1.0.0.jar;C:\Users\egaritaluis\.m2\repository\org\junit\jupiter\junit-jupiter-engine\5.0.0\junit-jupiter-engine-5.0.0.jar;C:\Users\egaritaluis\.m2\repository\org\junit\jupiter\junit-jupiter-api\5.0.0\junit-jupiter-api-5.0.0.jar;C:\Users\egaritaluis\.m2\repository\junit\junit\4.12\junit-4.12.jar;C:\Users\egaritaluis\.m2\repository\org\hamcrest\hamcrest-core\1.3\hamcrest-core-1.3.jar;C:\Users\egaritaluis\.m2\repository\javax\javaee-web-api\7.0\javaee-web-api-7.0.jar;C:\Users\egaritaluis\.m2\repository\mysql\mysql-connector-java\8.0.16\mysql-connector-java-8.0.16.jar;C:\Users\egaritaluis\.m2\repository\com\google\protobuf\protobuf-java\3.6.1\protobuf-java-3.6.1.jar;C:\Users\egaritaluis\.m2\repository\jstl\jstl\1.2\jstl-1.2.jar;C:\Users\egaritaluis\.m2\repository\org\apache\logging\log4j\log4j-api\2.10.0\log4j-api-2.10.0.jar;C:\Users\egaritaluis\.m2\repository\org\apache\logging\log4j\log4j-core\2.10.0\log4j-core-2.10.0.jar;, java.vm.vendor=Microsoft, sun.arch.data.model=64, user.variant=, java.vendor.url=https://www.microsoft.com, user.timezone=America/Chicago, os.name=Windows 11, java.vm.specification.version=11, sun.java.launcher=SUN_STANDARD, user.country=US, sun.boot.library.path=C:\Program Files\Microsoft\jdk-11.0.32.101-hotspot\bin, sun.java.command=C:\Users\egaritaluis\IdeaProjects\GermanApp\target\surefire\surefirebooter12451021229569288149.jar C:\Users\egaritaluis\IdeaProjects\GermanApp\target\surefire\surefire3560809447918430435tmp C:\Users\egaritaluis\IdeaProjects\GermanApp\target\surefire\surefire_02761226882967171296tmp, jdk.debug=release, surefire.test.class.path=C:\Users\egaritaluis\IdeaProjects\GermanApp\target\test-classes;C:\Users\egaritaluis\IdeaProjects\GermanApp\target\classes;C:\Users\egaritaluis\.m2\repository\org\hibernate\hibernate-core\5.6.15.Final\hibernate-core-5.6.15.Final.jar;C:\Users\egaritaluis\.m2\repository\org\jboss\logging\jboss-logging\3.4.3.Final\jboss-logging-3.4.3.Final.jar;C:\Users\egaritaluis\.m2\repository\javax\persistence\javax.persistence-api\2.2\javax.persistence-api-2.2.jar;C:\Users\egaritaluis\.m2\repository\net\bytebuddy\byte-buddy\1.12.18\byte-buddy-1.12.18.jar;C:\Users\egaritaluis\.m2\repository\antlr\antlr\2.7.7\antlr-2.7.7.jar;C:\Users\egaritaluis\.m2\repository\org\jboss\spec\javax\transaction\jboss-transaction-api_1.2_spec\1.1.1.Final\jboss-transaction-api_1.2_spec-1.1.1.Final.jar;C:\Users\egaritaluis\.m2\repository\org\jboss\jandex\2.4.2.Final\jandex-2.4.2.Final.jar;C:\Users\egaritaluis\.m2\repository\com\fasterxml\classmate\1.5.1\classmate-1.5.1.jar;C:\Users\egaritaluis\.m2\repository\javax\activation\javax.activation-api\1.2.0\javax.activation-api-1.2.0.jar;C:\Users\egaritaluis\.m2\repository\org\hibernate\common\hibernate-commons-annotations\5.1.2.Final\hibernate-commons-annotations-5.1.2.Final.jar;C:\Users\egaritaluis\.m2\repository\javax\xml\bind\jaxb-api\2.3.1\jaxb-api-2.3.1.jar;C:\Users\egaritaluis\.m2\repository\org\glassfish\jaxb\jaxb-runtime\2.3.1\jaxb-runtime-2.3.1.jar;C:\Users\egaritaluis\.m2\repository\org\glassfish\jaxb\txw2\2.3.1\txw2-2.3.1.jar;C:\Users\egaritaluis\.m2\repository\com\sun\istack\istack-commons-runtime\3.0.7\istack-commons-runtime-3.0.7.jar;C:\Users\egaritaluis\.m2\repository\org\jvnet\staxex\stax-ex\1.8\stax-ex-1.8.jar;C:\Users\egaritaluis\.m2\repository\com\sun\xml\fastinfoset\FastInfoset\1.2.15\FastInfoset-1.2.15.jar;C:\Users\egaritaluis\.m2\repository\org\junit\platform\junit-platform-runner\1.0.0\junit-platform-runner-1.0.0.jar;C:\Users\egaritaluis\.m2\repository\org\apiguardian\apiguardian-api\1.0.0\apiguardian-api-1.0.0.jar;C:\Users\egaritaluis\.m2\repository\org\junit\platform\junit-platform-launcher\1.0.0\junit-platform-launcher-1.0.0.jar;C:\Users\egaritaluis\.m2\repository\org\junit\platform\junit-platform-suite-api\1.0.0\junit-platform-suite-api-1.0.0.jar;C:\Users\egaritaluis\.m2\repository\org\junit\platform\junit-platform-commons\1.0.0\junit-platform-commons-1.0.0.jar;C:\Users\egaritaluis\.m2\repository\org\junit\vintage\junit-vintage-engine\4.12.0\junit-vintage-engine-4.12.0.jar;C:\Users\egaritaluis\.m2\repository\org\junit\platform\junit-platform-engine\1.0.0\junit-platform-engine-1.0.0.jar;C:\Users\egaritaluis\.m2\repository\org\opentest4j\opentest4j\1.0.0\opentest4j-1.0.0.jar;C:\Users\egaritaluis\.m2\repository\org\junit\jupiter\junit-jupiter-engine\5.0.0\junit-jupiter-engine-5.0.0.jar;C:\Users\egaritaluis\.m2\repository\org\junit\jupiter\junit-jupiter-api\5.0.0\junit-jupiter-api-5.0.0.jar;C:\Users\egaritaluis\.m2\repository\junit\junit\4.12\junit-4.12.jar;C:\Users\egaritaluis\.m2\repository\org\hamcrest\hamcrest-core\1.3\hamcrest-core-1.3.jar;C:\Users\egaritaluis\.m2\repository\javax\javaee-web-api\7.0\javaee-web-api-7.0.jar;C:\Users\egaritaluis\.m2\repository\mysql\mysql-connector-java\8.0.16\mysql-connector-java-8.0.16.jar;C:\Users\egaritaluis\.m2\repository\com\google\protobuf\protobuf-java\3.6.1\protobuf-java-3.6.1.jar;C:\Users\egaritaluis\.m2\repository\jstl\jstl\1.2\jstl-1.2.jar;C:\Users\egaritaluis\.m2\repository\org\apache\logging\log4j\log4j-api\2.10.0\log4j-api-2.10.0.jar;C:\Users\egaritaluis\.m2\repository\org\apache\logging\log4j\log4j-core\2.10.0\log4j-core-2.10.0.jar;, sun.cpu.endian=little, user.home=C:\Users\egaritaluis, hibernate.c3p0.max_statements=50, user.language=en, java.specification.vendor=Oracle Corporation, java.version.date=2026-08-18, java.home=C:\Program Files\Microsoft\jdk-11.0.32.101-hotspot, file.separator=\, basedir=C:\Users\egaritaluis\IdeaProjects\GermanApp, style.color=always, java.vm.compressedOopsMode=Zero based, line.separator=
, hibernate.c3p0.timeout=300, java.specification.name=Java Platform API Specification, java.vm.specification.vendor=Oracle Corporation, java.awt.graphicsenv=sun.awt.Win32GraphicsEnvironment, surefire.real.class.path=C:\Users\egaritaluis\IdeaProjects\GermanApp\target\surefire\surefirebooter12451021229569288149.jar, user.script=, connection.password=student, sun.management.compiler=HotSpot 64-Bit Tiered Compilers, hibernate.c3p0.max_size=20, java.runtime.version=11.0.32.1+1-LTS, user.name=egaritaluis, path.separator=;, hibernate.connection.username=****, os.version=10.0, java.runtime.name=OpenJDK Runtime Environment, hibernate.connection.url=jdbc:mysql://localhost:3306/german_tracker_test, file.encoding=Cp1252, java.vm.name=OpenJDK 64-Bit Server VM, java.vendor.version=Microsoft-14930745, maven.ext.class.path=C:\IDE\IntelliJ_IDEA\plugins\maven\lib\intellij.maven.rt\maven-event-listener.jar, localRepository=C:\Users\egaritaluis\.m2\repository, hibernate.connection.driver_class=com.mysql.cj.jdbc.Driver, java.vendor.url.bug=https://github.com/microsoft/openjdk/issues, java.io.tmpdir=C:\Users\EGARIT~1\AppData\Local\Temp\, idea.version=2026.1.5, java.version=11.0.32.1, user.dir=C:\Users\egaritaluis\IdeaProjects\GermanApp, os.arch=amd64, connection.username=root, jansi.passthrough=true, java.vm.specification.name=Java Virtual Machine Specification, java.awt.printerjob=sun.awt.windows.WPrinterJob, hibernate.connection.password=****, sun.os.patch.level=, connection.driver_class=com.mysql.cj.jdbc.Driver, hibernate.boot.CfgXmlAccessService.key=org.hibernate.boot.cfgxml.spi.LoadedConfig@3ddb774f, java.library.path=C:\Program Files\Microsoft\jdk-11.0.32.101-hotspot\bin;C:\WINDOWS\Sun\Java\bin;C:\WINDOWS\system32;C:\WINDOWS;C:\Program Files\Common Files\Oracle\Java\javapath;C:\Program Files\Microsoft\jdk-11.0.32.101-hotspot\bin;C:\WINDOWS\system32;C:\WINDOWS;C:\WINDOWS\System32\Wbem;C:\WINDOWS\System32\WindowsPowerShell\v1.0\;C:\WINDOWS\System32\OpenSSH\;C:\WINDOWS\CCM;C:\Program Files\dotnet\;C:\WINDOWS\CCM;C:\Program Files\nodejs\;C:\Program Files\Microsoft VS Code\bin;C:\Program Files\KeePassXC\;C:\Program Files\PuTTY\;C:\Program Files\Git\cmd;C:\Program Files\Amazon\AWSCLIV2\;C:\Users\egaritaluis\AppData\Local\Microsoft\WindowsApps;C:\Users\egaritaluis\AppData\Local\Programs\Git\cmd;., java.vendor=Microsoft, java.vm.info=mixed mode, sharing, java.vm.version=11.0.32.1+1-LTS, java.specification.maintenance.version=3, hibernate.bytecode.use_reflection_optimizer=false, sun.io.unicode.encoding=UnicodeLittle, maven.repo.local=C:\Users\egaritaluis\.m2\repository, connection.url=jdbc:mysql://localhost:3306/german_tracker_test, java.class.version=55.0}
[DEBUG] 2026-10-08 22:40:46.090 [main] TypeSafeActivator - Unable to acquire Bean Validation ValidatorFactory, skipping activation
[DEBUG] 2026-10-08 22:40:46.091 [main] JaccIntegrator - Skipping JACC integration as it was not enabled
[DEBUG] 2026-10-08 22:40:46.091 [main] SessionFactoryImpl - Instantiated session factory
[DEBUG] 2026-10-08 22:40:46.091 [main] TypeConfiguration$Scope - Scoping TypeConfiguration [org.hibernate.type.spi.TypeConfiguration@1de9b505] to SessionFactoryImpl [org.hibernate.internal.SessionFactoryImpl@55f4887d]
[DEBUG] 2026-10-08 22:40:46.174 [main] interceptor - To-one property `fonik.app.entity.Vocabulary#user` was mapped with LAZY + NO_PROXY but the class was not enhanced
[DEBUG] 2026-10-08 22:40:46.177 [main] interceptor - To-one property `fonik.app.entity.Vocabulary#user` was mapped with LAZY + NO_PROXY but the class was not enhanced
[DEBUG] 2026-10-08 22:40:46.177 [main] ClassLoaderAccessImpl - Not known whether passed class name [fonik.app.entity.Vocabulary] is safe
[DEBUG] 2026-10-08 22:40:46.177 [main] ClassLoaderAccessImpl - No temp ClassLoader provided; using live ClassLoader for loading potentially unsafe class : fonik.app.entity.Vocabulary
[DEBUG] 2026-10-08 22:40:46.413 [main] interceptor - To-one property `fonik.app.entity.Vocabulary#user` was mapped with LAZY + NO_PROXY but the class was not enhanced
[DEBUG] 2026-10-08 22:40:46.413 [main] interceptor - To-one property `fonik.app.entity.Vocabulary#user` was mapped with LAZY + NO_PROXY but the class was not enhanced
[DEBUG] 2026-10-08 22:40:46.419 [main] ClassLoaderAccessImpl - Not known whether passed class name [fonik.app.entity.User] is safe
[DEBUG] 2026-10-08 22:40:46.419 [main] ClassLoaderAccessImpl - No temp ClassLoader provided; using live ClassLoader for loading potentially unsafe class : fonik.app.entity.User
[DEBUG] 2026-10-08 22:40:46.444 [main] AbstractCollectionPersister - Static SQL for collection: fonik.app.entity.User.vocabulary
[DEBUG] 2026-10-08 22:40:46.444 [main] AbstractCollectionPersister -  Row insert: update vocabulary set user_id=? where id=?
[DEBUG] 2026-10-08 22:40:46.444 [main] AbstractCollectionPersister -  Row update: update vocabulary set  where id=?
[DEBUG] 2026-10-08 22:40:46.444 [main] AbstractCollectionPersister -  Row delete: update vocabulary set user_id=null where user_id=? and id=?
[DEBUG] 2026-10-08 22:40:46.444 [main] AbstractCollectionPersister -  One-shot delete: update vocabulary set user_id=null where user_id=?
[DEBUG] 2026-10-08 22:40:46.447 [main] AbstractEntityPersister - Static SQL for entity: fonik.app.entity.Vocabulary
[DEBUG] 2026-10-08 22:40:46.448 [main] AbstractEntityPersister -  Version select: select id from vocabulary where id =?
[DEBUG] 2026-10-08 22:40:46.448 [main] AbstractEntityPersister -  Snapshot select: select vocabulary_.id, vocabulary_.article as article2_1_, vocabulary_.english_meaning as english_3_1_, vocabulary_.german_word as german_w4_1_, vocabulary_.plural as plural5_1_, vocabulary_.user_id as user_id6_1_ from vocabulary vocabulary_ where vocabulary_.id=?
[DEBUG] 2026-10-08 22:40:46.448 [main] AbstractEntityPersister -  Insert 0: insert into vocabulary (article, english_meaning, german_word, plural, user_id, id) values (?, ?, ?, ?, ?, ?)
[DEBUG] 2026-10-08 22:40:46.448 [main] AbstractEntityPersister -  Update 0: update vocabulary set article=?, english_meaning=?, german_word=?, plural=?, user_id=? where id=?
[DEBUG] 2026-10-08 22:40:46.448 [main] AbstractEntityPersister -  Delete 0: delete from vocabulary where id=?
[DEBUG] 2026-10-08 22:40:46.448 [main] AbstractEntityPersister -  Identity insert: insert into vocabulary (article, english_meaning, german_word, plural, user_id) values (?, ?, ?, ?, ?)
[DEBUG] 2026-10-08 22:40:46.470 [main] QuerySpacesImpl - Adding QuerySpace : uid = <gen:0> -> org.hibernate.loader.plan.build.internal.spaces.EntityQuerySpaceImpl@4b957db0]
[DEBUG] 2026-10-08 22:40:46.471 [main] MetamodelGraphWalker - Visiting attribute path : article
[DEBUG] 2026-10-08 22:40:46.471 [main] MetamodelGraphWalker - Visiting attribute path : englishMeaning
[DEBUG] 2026-10-08 22:40:46.471 [main] MetamodelGraphWalker - Visiting attribute path : germanWord
[DEBUG] 2026-10-08 22:40:46.471 [main] MetamodelGraphWalker - Visiting attribute path : plural
[DEBUG] 2026-10-08 22:40:46.471 [main] MetamodelGraphWalker - Visiting attribute path : user
[DEBUG] 2026-10-08 22:40:46.475 [main] QuerySpacesImpl - Adding QuerySpace : uid = <gen:1> -> org.hibernate.loader.plan.build.internal.spaces.EntityQuerySpaceImpl@26457986]
[DEBUG] 2026-10-08 22:40:46.475 [main] MetamodelGraphWalker - Visiting attribute path : user.email
[DEBUG] 2026-10-08 22:40:46.475 [main] MetamodelGraphWalker - Visiting attribute path : user.password
[DEBUG] 2026-10-08 22:40:46.475 [main] MetamodelGraphWalker - Visiting attribute path : user.username
[DEBUG] 2026-10-08 22:40:46.475 [main] MetamodelGraphWalker - Visiting attribute path : user.vocabulary
[DEBUG] 2026-10-08 22:40:46.477 [main] MetamodelGraphWalker - Property path deemed to be circular : user.vocabulary
[DEBUG] 2026-10-08 22:40:46.477 [main] FetchStyleLoadPlanBuildingAssociationVisitationStrategy - Building LoadPlan...
[DEBUG] 2026-10-08 22:40:46.489 [main] LoadQueryJoinAndFetchProcessor - processing queryspace <gen:0>
[DEBUG] 2026-10-08 22:40:46.493 [main] LoadPlanTreePrinter - LoadPlan(entity=fonik.app.entity.Vocabulary)
    - Returns
       - EntityReturnImpl(entity=fonik.app.entity.Vocabulary, querySpaceUid=<gen:0>, path=fonik.app.entity.Vocabulary)
          - EntityAttributeFetchImpl(entity=fonik.app.entity.User, querySpaceUid=<gen:1>, path=fonik.app.entity.Vocabulary.user)
    - QuerySpaces
       - EntityQuerySpaceImpl(uid=<gen:0>, entity=fonik.app.entity.Vocabulary)
          - SQL table alias mapping - vocabulary0_
          - alias suffix - 0_
          - suffixed key columns - {id1_1_0_}
          - JOIN (JoinDefinedByMetadata(user)) : <gen:0> -> <gen:1>
             - EntityQuerySpaceImpl(uid=<gen:1>, entity=fonik.app.entity.User)
                - SQL table alias mapping - user1_
                - alias suffix - 1_
                - suffixed key columns - {id1_0_1_}

[DEBUG] 2026-10-08 22:40:46.494 [main] EntityLoader - Static select for entity fonik.app.entity.Vocabulary [NONE]: select vocabulary0_.id as id1_1_0_, vocabulary0_.article as article2_1_0_, vocabulary0_.english_meaning as english_3_1_0_, vocabulary0_.german_word as german_w4_1_0_, vocabulary0_.plural as plural5_1_0_, vocabulary0_.user_id as user_id6_1_0_, user1_.id as id1_0_1_, user1_.email as email2_0_1_, user1_.password as password3_0_1_, user1_.username as username4_0_1_ from vocabulary vocabulary0_ inner join users user1_ on vocabulary0_.user_id=user1_.id where vocabulary0_.id=?
[DEBUG] 2026-10-08 22:40:46.494 [main] AbstractEntityPersister - Static SQL for entity: fonik.app.entity.User
[DEBUG] 2026-10-08 22:40:46.494 [main] AbstractEntityPersister -  Version select: select id from users where id =?
[DEBUG] 2026-10-08 22:40:46.494 [main] AbstractEntityPersister -  Snapshot select: select user_.id, user_.email as email2_0_, user_.password as password3_0_, user_.username as username4_0_ from users user_ where user_.id=?
[DEBUG] 2026-10-08 22:40:46.494 [main] AbstractEntityPersister -  Insert 0: insert into users (email, password, username, id) values (?, ?, ?, ?)
[DEBUG] 2026-10-08 22:40:46.494 [main] AbstractEntityPersister -  Update 0: update users set email=?, password=?, username=? where id=?
[DEBUG] 2026-10-08 22:40:46.494 [main] AbstractEntityPersister -  Delete 0: delete from users where id=?
[DEBUG] 2026-10-08 22:40:46.494 [main] AbstractEntityPersister -  Identity insert: insert into users (email, password, username) values (?, ?, ?)
[DEBUG] 2026-10-08 22:40:46.494 [main] QuerySpacesImpl - Adding QuerySpace : uid = <gen:0> -> org.hibernate.loader.plan.build.internal.spaces.EntityQuerySpaceImpl@7ddcb0dc]
[DEBUG] 2026-10-08 22:40:46.494 [main] MetamodelGraphWalker - Visiting attribute path : email
[DEBUG] 2026-10-08 22:40:46.494 [main] MetamodelGraphWalker - Visiting attribute path : password
[DEBUG] 2026-10-08 22:40:46.494 [main] MetamodelGraphWalker - Visiting attribute path : username
[DEBUG] 2026-10-08 22:40:46.494 [main] MetamodelGraphWalker - Visiting attribute path : vocabulary
[DEBUG] 2026-10-08 22:40:46.496 [main] QuerySpacesImpl - Adding QuerySpace : uid = <gen:1> -> org.hibernate.loader.plan.build.internal.spaces.CollectionQuerySpaceImpl@355ce6a6]
[DEBUG] 2026-10-08 22:40:46.498 [main] QuerySpacesImpl - Adding QuerySpace : uid = <gen:2> -> org.hibernate.loader.plan.build.internal.spaces.EntityQuerySpaceImpl@6986f93e]
[DEBUG] 2026-10-08 22:40:46.498 [main] FetchStyleLoadPlanBuildingAssociationVisitationStrategy - Building LoadPlan...
[DEBUG] 2026-10-08 22:40:46.498 [main] LoadQueryJoinAndFetchProcessor - processing queryspace <gen:0>
[DEBUG] 2026-10-08 22:40:46.499 [main] LoadPlanTreePrinter - LoadPlan(entity=fonik.app.entity.User)
    - Returns
       - EntityReturnImpl(entity=fonik.app.entity.User, querySpaceUid=<gen:0>, path=fonik.app.entity.User)
          - CollectionAttributeFetchImpl(collection=fonik.app.entity.User.vocabulary, querySpaceUid=<gen:1>, path=fonik.app.entity.User.vocabulary)
             - (collection element) CollectionFetchableElementEntityGraph(entity=fonik.app.entity.Vocabulary, querySpaceUid=<gen:2>, path=fonik.app.entity.User.vocabulary.<elements>)
    - QuerySpaces
       - EntityQuerySpaceImpl(uid=<gen:0>, entity=fonik.app.entity.User)
          - SQL table alias mapping - user0_
          - alias suffix - 0_
          - suffixed key columns - {id1_0_0_}

[DEBUG] 2026-10-08 22:40:46.499 [main] EntityLoader - Static select for entity fonik.app.entity.User [NONE]: select user0_.id as id1_0_0_, user0_.email as email2_0_0_, user0_.password as password3_0_0_, user0_.username as username4_0_0_ from users user0_ where user0_.id=?
[DEBUG] 2026-10-08 22:40:46.503 [main] QuerySpacesImpl - Adding QuerySpace : uid = <gen:0> -> org.hibernate.loader.plan.build.internal.spaces.CollectionQuerySpaceImpl@418f890f]
[DEBUG] 2026-10-08 22:40:46.503 [main] QuerySpacesImpl - Adding QuerySpace : uid = <gen:1> -> org.hibernate.loader.plan.build.internal.spaces.EntityQuerySpaceImpl@3d3c886f]
[DEBUG] 2026-10-08 22:40:46.503 [main] MetamodelGraphWalker - Visiting attribute path : article
[DEBUG] 2026-10-08 22:40:46.503 [main] MetamodelGraphWalker - Visiting attribute path : englishMeaning
[DEBUG] 2026-10-08 22:40:46.503 [main] MetamodelGraphWalker - Visiting attribute path : germanWord
[DEBUG] 2026-10-08 22:40:46.503 [main] MetamodelGraphWalker - Visiting attribute path : plural
[DEBUG] 2026-10-08 22:40:46.503 [main] MetamodelGraphWalker - Visiting attribute path : user
[DEBUG] 2026-10-08 22:40:46.505 [main] MetamodelGraphWalker - Property path deemed to be circular : user
[DEBUG] 2026-10-08 22:40:46.505 [main] FetchStyleLoadPlanBuildingAssociationVisitationStrategy - Building LoadPlan...
[DEBUG] 2026-10-08 22:40:46.507 [main] LoadQueryJoinAndFetchProcessor - processing queryspace <gen:0>
[DEBUG] 2026-10-08 22:40:46.507 [main] LoadPlanTreePrinter - LoadPlan(collection=fonik.app.entity.User.vocabulary)
    - Returns
       - CollectionReturnImpl(collection=fonik.app.entity.User.vocabulary, querySpaceUid=<gen:0>, path=[fonik.app.entity.User.vocabulary])
          - (collection element) CollectionFetchableElementEntityGraph(entity=fonik.app.entity.Vocabulary, querySpaceUid=<gen:1>, path=[fonik.app.entity.User.vocabulary].<elements>)
    - QuerySpaces
       - CollectionQuerySpaceImpl(uid=<gen:0>, collection=fonik.app.entity.User.vocabulary)
          - SQL table alias mapping - vocabulary0_
          - alias suffix - 0_
          - suffixed key columns - {user_id6_1_0_}
          - entity-element alias suffix - 1_
          - 1_entity-element suffixed key columns - id1_1_1_
          - JOIN (JoinDefinedByMetadata(elements)) : <gen:0> -> <gen:1>
             - EntityQuerySpaceImpl(uid=<gen:1>, entity=fonik.app.entity.Vocabulary)
                - SQL table alias mapping - vocabulary0_
                - alias suffix - 1_
                - suffixed key columns - {id1_1_1_}

[DEBUG] 2026-10-08 22:40:46.508 [main] CollectionLoader - Static select for collection fonik.app.entity.User.vocabulary: select vocabulary0_.user_id as user_id6_1_0_, vocabulary0_.id as id1_1_0_, vocabulary0_.id as id1_1_1_, vocabulary0_.article as article2_1_1_, vocabulary0_.english_meaning as english_3_1_1_, vocabulary0_.german_word as german_w4_1_1_, vocabulary0_.plural as plural5_1_1_, vocabulary0_.user_id as user_id6_1_1_ from vocabulary vocabulary0_ where vocabulary0_.user_id=?
[DEBUG] 2026-10-08 22:40:46.541 [main] SchemaManagementToolCoordinator - No schema actions specified
[DEBUG] 2026-10-08 22:40:46.541 [main] SchemaManagementToolCoordinator - No actions specified; doing nothing
[DEBUG] 2026-10-08 22:40:46.541 [main] JtaPlatformInitiator - No JtaPlatform was specified, checking resolver
[DEBUG] 2026-10-08 22:40:46.542 [main] JtaPlatformResolverInitiator - No JtaPlatformResolver was specified, using default [org.hibernate.engine.transaction.jta.platform.internal.StandardJtaPlatformResolver]
[DEBUG] 2026-10-08 22:40:46.546 [main] StandardJtaPlatformResolver - Could not resolve JtaPlatform, using default [org.hibernate.engine.transaction.jta.platform.internal.NoJtaPlatform]
[INFO ] 2026-10-08 22:40:46.548 [main] JtaPlatformInitiator - HHH000490: Using JtaPlatform implementation: [org.hibernate.engine.transaction.jta.platform.internal.NoJtaPlatform]
[DEBUG] 2026-10-08 22:40:46.552 [main] SessionFactoryServiceRegistryImpl - EventListenerRegistry access via ServiceRegistry is deprecated.  Use `sessionFactory.getEventEngine().getListenerRegistry()` instead
[DEBUG] 2026-10-08 22:40:46.553 [main] QueryTranslatorFactoryInitiator - QueryTranslatorFactory: org.hibernate.hql.internal.ast.ASTQueryTranslatorFactory@43c7fe8a
[DEBUG] 2026-10-08 22:40:46.557 [main] NamedQueryRepository - Checking 0 named HQL queries
[DEBUG] 2026-10-08 22:40:46.557 [main] NamedQueryRepository - Checking 0 named SQL queries
[DEBUG] 2026-10-08 22:40:46.558 [main] SessionFactoryRegistry - Initializing SessionFactoryRegistry : org.hibernate.internal.SessionFactoryRegistry@28768e25
[DEBUG] 2026-10-08 22:40:46.559 [main] SessionFactoryRegistry - Registering SessionFactory: cb272a35-f39e-4356-8126-bdc4662c9cb2 (<unnamed>)
[DEBUG] 2026-10-08 22:40:46.560 [main] SessionFactoryRegistry - Not binding SessionFactory to JNDI, no JNDI name configured
[DEBUG] 2026-10-08 22:40:46.619 [main] StatisticsInitiator - Statistics initialized [enabled=false]
[DEBUG] 2026-10-08 22:40:46.967 [main] SQL - select vocabulary0_.id as id1_1_0_, vocabulary0_.article as article2_1_0_, vocabulary0_.english_meaning as english_3_1_0_, vocabulary0_.german_word as german_w4_1_0_, vocabulary0_.plural as plural5_1_0_, vocabulary0_.user_id as user_id6_1_0_, user1_.id as id1_0_1_, user1_.email as email2_0_1_, user1_.password as password3_0_1_, user1_.username as username4_0_1_ from vocabulary vocabulary0_ inner join users user1_ on vocabulary0_.user_id=user1_.id where vocabulary0_.id=?
[DEBUG] 2026-10-08 22:40:46.989 [main] EntityReferenceInitializerImpl - On call to EntityIdentifierReaderImpl#resolve, EntityKey was already known; should only happen on root returns with an optional identifier specified
[DEBUG] 2026-10-08 22:40:46.998 [main] TwoPhaseLoad - Resolving attributes for [fonik.app.entity.Vocabulary#5]
[DEBUG] 2026-10-08 22:40:46.999 [main] TwoPhaseLoad - Processing attribute `article` : value = der
[DEBUG] 2026-10-08 22:40:47.000 [main] TwoPhaseLoad - Attribute (`article`)  - enhanced for lazy-loading? - false
[DEBUG] 2026-10-08 22:40:47.000 [main] TwoPhaseLoad - Processing attribute `englishMeaning` : value = dog
[DEBUG] 2026-10-08 22:40:47.000 [main] TwoPhaseLoad - Attribute (`englishMeaning`)  - enhanced for lazy-loading? - false
[DEBUG] 2026-10-08 22:40:47.000 [main] TwoPhaseLoad - Processing attribute `germanWord` : value = Hundd
[DEBUG] 2026-10-08 22:40:47.000 [main] TwoPhaseLoad - Attribute (`germanWord`)  - enhanced for lazy-loading? - false
[DEBUG] 2026-10-08 22:40:47.000 [main] TwoPhaseLoad - Processing attribute `plural` : value = Hunde
[DEBUG] 2026-10-08 22:40:47.000 [main] TwoPhaseLoad - Attribute (`plural`)  - enhanced for lazy-loading? - false
[DEBUG] 2026-10-08 22:40:47.000 [main] TwoPhaseLoad - Processing attribute `user` : value = 1
[DEBUG] 2026-10-08 22:40:47.000 [main] TwoPhaseLoad - Attribute (`user`)  - enhanced for lazy-loading? - false
[DEBUG] 2026-10-08 22:40:47.001 [main] TwoPhaseLoad - Done materializing entity [fonik.app.entity.Vocabulary#5]
[DEBUG] 2026-10-08 22:40:47.001 [main] TwoPhaseLoad - Resolving attributes for [fonik.app.entity.User#1]
[DEBUG] 2026-10-08 22:40:47.001 [main] TwoPhaseLoad - Processing attribute `email` : value = test@example.com
[DEBUG] 2026-10-08 22:40:47.002 [main] TwoPhaseLoad - Attribute (`email`)  - enhanced for lazy-loading? - false
[DEBUG] 2026-10-08 22:40:47.002 [main] TwoPhaseLoad - Processing attribute `password` : value = test123
[DEBUG] 2026-10-08 22:40:47.002 [main] TwoPhaseLoad - Attribute (`password`)  - enhanced for lazy-loading? - false
[DEBUG] 2026-10-08 22:40:47.002 [main] TwoPhaseLoad - Processing attribute `username` : value = testuser
[DEBUG] 2026-10-08 22:40:47.002 [main] TwoPhaseLoad - Attribute (`username`)  - enhanced for lazy-loading? - false
[DEBUG] 2026-10-08 22:40:47.002 [main] TwoPhaseLoad - Processing attribute `vocabulary` : value = NOT NULL COLLECTION
[DEBUG] 2026-10-08 22:40:47.002 [main] TwoPhaseLoad - Attribute (`vocabulary`)  - enhanced for lazy-loading? - false
[DEBUG] 2026-10-08 22:40:47.009 [main] TwoPhaseLoad - Done materializing entity [fonik.app.entity.User#1]
[DEBUG] 2026-10-08 22:40:47.011 [main] AbstractLoadPlanBasedEntityLoader - Done entity load : fonik.app.entity.Vocabulary#5
[DEBUG] 2026-10-08 22:40:47.011 [main] LogicalConnectionManagedImpl - Initiating JDBC connection release from afterTransaction
[DEBUG] 2026-10-08 22:40:47.015 [main] TransactionImpl - On TransactionImpl creation, JpaCompliance#isJpaTransactionComplianceEnabled == false
[DEBUG] 2026-10-08 22:40:47.015 [main] TransactionImpl - begin
[DEBUG] 2026-10-08 22:40:47.028 [main] TransactionImpl - committing
[DEBUG] 2026-10-08 22:40:47.028 [main] AbstractFlushingEventListener - Processing flush-time cascades
[DEBUG] 2026-10-08 22:40:47.028 [main] AbstractFlushingEventListener - Dirty checking collections
[DEBUG] 2026-10-08 22:40:47.031 [main] AbstractFlushingEventListener - Flushed: 0 insertions, 0 updates, 1 deletions to 1 objects
[DEBUG] 2026-10-08 22:40:47.031 [main] AbstractFlushingEventListener - Flushed: 0 (re)creations, 0 updates, 0 removals to 0 collections
[DEBUG] 2026-10-08 22:40:47.032 [main] EntityPrinter - Listing entities:
[DEBUG] 2026-10-08 22:40:47.032 [main] EntityPrinter - fonik.app.entity.Vocabulary{englishMeaning=dog, plural=Hunde, germanWord=Hundd, id=5, user=fonik.app.entity.User#1, article=der}
[DEBUG] 2026-10-08 22:40:47.039 [main] SQL - delete from vocabulary where id=?
[DEBUG] 2026-10-08 22:40:47.045 [main] LogicalConnectionManagedImpl - Initiating JDBC connection release from afterTransaction
[DEBUG] 2026-10-08 22:40:47.046 [main] LogicalConnectionManagedImpl - Initiating JDBC connection release from afterTransaction
[DEBUG] 2026-10-08 22:40:47.046 [main] JdbcCoordinatorImpl - HHH000420: Closing un-released batch
[DEBUG] 2026-10-08 22:40:47.046 [main] SQL - select vocabulary0_.id as id1_1_0_, vocabulary0_.article as article2_1_0_, vocabulary0_.english_meaning as english_3_1_0_, vocabulary0_.german_word as german_w4_1_0_, vocabulary0_.plural as plural5_1_0_, vocabulary0_.user_id as user_id6_1_0_, user1_.id as id1_0_1_, user1_.email as email2_0_1_, user1_.password as password3_0_1_, user1_.username as username4_0_1_ from vocabulary vocabulary0_ inner join users user1_ on vocabulary0_.user_id=user1_.id where vocabulary0_.id=?
[DEBUG] 2026-10-08 22:40:47.047 [main] AbstractLoadPlanBasedEntityLoader - Done entity load : fonik.app.entity.Vocabulary#5
[DEBUG] 2026-10-08 22:40:47.049 [main] LogicalConnectionManagedImpl - Initiating JDBC connection release from afterTransaction
[DEBUG] 2026-10-08 22:40:47.237 [main] CriteriaQueryImpl - Rendered criteria query -> select generatedAlias0 from Vocabulary as generatedAlias0
[DEBUG] 2026-10-08 22:40:47.275 [main] QueryTranslatorImpl - parse() - HQL: select generatedAlias0 from fonik.app.entity.Vocabulary as generatedAlias0
[DEBUG] 2026-10-08 22:40:47.287 [main] ErrorTracker - throwQueryException() : no errors
[DEBUG] 2026-10-08 22:40:47.298 [main] QueryTranslatorImpl - --- HQL AST ---
 \-[QUERY] Node: 'query'
    \-[SELECT_FROM] Node: 'SELECT_FROM'
       +-[FROM] Node: 'from'
       |  \-[RANGE] Node: 'RANGE'
       |     +-[DOT] Node: '.'
       |     |  +-[DOT] Node: '.'
       |     |  |  +-[DOT] Node: '.'
       |     |  |  |  +-[IDENT] Node: 'fonik'
       |     |  |  |  \-[IDENT] Node: 'app'
       |     |  |  \-[IDENT] Node: 'entity'
       |     |  \-[IDENT] Node: 'Vocabulary'
       |     \-[ALIAS] Node: 'generatedAlias0'
       \-[SELECT] Node: 'select'
          \-[IDENT] Node: 'generatedAlias0'

[DEBUG] 2026-10-08 22:40:47.342 [main] HqlSqlBaseWalker - select << begin [level=1, statement=select]
[DEBUG] 2026-10-08 22:40:47.391 [main] FromElement - FromClause{level=1} : fonik.app.entity.Vocabulary (generatedAlias0) -> vocabulary0_
[DEBUG] 2026-10-08 22:40:47.393 [main] FromReferenceNode - Resolved : generatedAlias0 -> vocabulary0_.id
[DEBUG] 2026-10-08 22:40:47.395 [main] HqlSqlBaseWalker - select : finishing up [level=1, statement=select]
[DEBUG] 2026-10-08 22:40:47.395 [main] HqlSqlWalker - processQuery() :  ( SELECT ( {select clause} vocabulary0_.id ) ( FromClause{level=1} vocabulary vocabulary0_ ) )
[DEBUG] 2026-10-08 22:40:47.409 [main] JoinProcessor - Tables referenced from query nodes:
 \-QueryNode
    +-SelectClause
    | referencedTables(entity Vocabulary): [vocabulary]
    |  +-IdentNode
    |  | persister: SingleTableEntityPersister(fonik.app.entity.Vocabulary)
    |  | originalText: generatedAlias0
    |  \-SqlFragment
    \-FromClause
       \-FromElement

[DEBUG] 2026-10-08 22:40:47.413 [main] JoinProcessor - Using FROM fragment [vocabulary vocabulary0_]
[DEBUG] 2026-10-08 22:40:47.414 [main] HqlSqlBaseWalker - select >> end [level=1, statement=select]
[DEBUG] 2026-10-08 22:40:47.414 [main] QueryTranslatorImpl - --- SQL AST ---
 \-[SELECT] QueryNode: 'SELECT'  querySpaces (vocabulary)
    +-[SELECT_CLAUSE] SelectClause: '{select clause}'
    |  +-[ALIAS_REF] IdentNode: 'vocabulary0_.id as id1_1_' {alias=generatedAlias0, className=fonik.app.entity.Vocabulary, tableAlias=vocabulary0_}
    |  \-[SQL_TOKEN] SqlFragment: 'vocabulary0_.article as article2_1_, vocabulary0_.english_meaning as english_3_1_, vocabulary0_.german_word as german_w4_1_, vocabulary0_.plural as plural5_1_, vocabulary0_.user_id as user_id6_1_'
    \-[FROM] FromClause: 'from' FromClause{level=1, fromElementCounter=1, fromElements=1, fromElementByClassAlias=[generatedAlias0], fromElementByTableAlias=[vocabulary0_], fromElementsByPath=[], collectionJoinFromElementsByPath=[], impliedElements=[]}
       \-[FROM_FRAGMENT] FromElement: 'vocabulary vocabulary0_' FromElement{explicit,not a collection join,not a fetch join,fetch non-lazy properties,classAlias=generatedAlias0,role=null,tableName=vocabulary,tableAlias=vocabulary0_,origin=null,columns={,className=fonik.app.entity.Vocabulary}}

[DEBUG] 2026-10-08 22:40:47.414 [main] ErrorTracker - throwQueryException() : no errors
[DEBUG] 2026-10-08 22:40:47.427 [main] QueryTranslatorImpl - HQL: select generatedAlias0 from fonik.app.entity.Vocabulary as generatedAlias0
[DEBUG] 2026-10-08 22:40:47.428 [main] QueryTranslatorImpl - SQL: select vocabulary0_.id as id1_1_, vocabulary0_.article as article2_1_, vocabulary0_.english_meaning as english_3_1_, vocabulary0_.german_word as german_w4_1_, vocabulary0_.plural as plural5_1_, vocabulary0_.user_id as user_id6_1_ from vocabulary vocabulary0_
[DEBUG] 2026-10-08 22:40:47.428 [main] ErrorTracker - throwQueryException() : no errors
[DEBUG] 2026-10-08 22:40:47.453 [main] SQL - select vocabulary0_.id as id1_1_, vocabulary0_.article as article2_1_, vocabulary0_.english_meaning as english_3_1_, vocabulary0_.german_word as german_w4_1_, vocabulary0_.plural as plural5_1_, vocabulary0_.user_id as user_id6_1_ from vocabulary vocabulary0_
[DEBUG] 2026-10-08 22:40:47.459 [main] Loader - Result set row: 0
[DEBUG] 2026-10-08 22:40:47.459 [main] Loader - Result row: EntityKey[fonik.app.entity.Vocabulary#4]
[DEBUG] 2026-10-08 22:40:47.460 [main] Loader - Result set row: 1
[DEBUG] 2026-10-08 22:40:47.461 [main] Loader - Result row: EntityKey[fonik.app.entity.Vocabulary#5]
[DEBUG] 2026-10-08 22:40:47.461 [main] Loader - Result set row: 2
[DEBUG] 2026-10-08 22:40:47.461 [main] Loader - Result row: EntityKey[fonik.app.entity.Vocabulary#6]
[DEBUG] 2026-10-08 22:40:47.461 [main] TwoPhaseLoad - Resolving attributes for [fonik.app.entity.Vocabulary#4]
[DEBUG] 2026-10-08 22:40:47.462 [main] TwoPhaseLoad - Processing attribute `article` : value = das
[DEBUG] 2026-10-08 22:40:47.462 [main] TwoPhaseLoad - Attribute (`article`)  - enhanced for lazy-loading? - false
[DEBUG] 2026-10-08 22:40:47.462 [main] TwoPhaseLoad - Processing attribute `englishMeaning` : value = house
[DEBUG] 2026-10-08 22:40:47.462 [main] TwoPhaseLoad - Attribute (`englishMeaning`)  - enhanced for lazy-loading? - false
[DEBUG] 2026-10-08 22:40:47.462 [main] TwoPhaseLoad - Processing attribute `germanWord` : value = Haus
[DEBUG] 2026-10-08 22:40:47.462 [main] TwoPhaseLoad - Attribute (`germanWord`)  - enhanced for lazy-loading? - false
[DEBUG] 2026-10-08 22:40:47.462 [main] TwoPhaseLoad - Processing attribute `plural` : value = Häuser
[DEBUG] 2026-10-08 22:40:47.462 [main] TwoPhaseLoad - Attribute (`plural`)  - enhanced for lazy-loading? - false
[DEBUG] 2026-10-08 22:40:47.462 [main] TwoPhaseLoad - Processing attribute `user` : value = 1
[DEBUG] 2026-10-08 22:40:47.462 [main] TwoPhaseLoad - Attribute (`user`)  - enhanced for lazy-loading? - false
[DEBUG] 2026-10-08 22:40:47.463 [main] SQL - select user0_.id as id1_0_0_, user0_.email as email2_0_0_, user0_.password as password3_0_0_, user0_.username as username4_0_0_ from users user0_ where user0_.id=?
[DEBUG] 2026-10-08 22:40:47.468 [main] EntityReferenceInitializerImpl - On call to EntityIdentifierReaderImpl#resolve, EntityKey was already known; should only happen on root returns with an optional identifier specified
[DEBUG] 2026-10-08 22:40:47.469 [main] TwoPhaseLoad - Resolving attributes for [fonik.app.entity.User#1]
[DEBUG] 2026-10-08 22:40:47.469 [main] TwoPhaseLoad - Processing attribute `email` : value = test@example.com
[DEBUG] 2026-10-08 22:40:47.470 [main] TwoPhaseLoad - Attribute (`email`)  - enhanced for lazy-loading? - false
[DEBUG] 2026-10-08 22:40:47.470 [main] TwoPhaseLoad - Processing attribute `password` : value = test123
[DEBUG] 2026-10-08 22:40:47.470 [main] TwoPhaseLoad - Attribute (`password`)  - enhanced for lazy-loading? - false
[DEBUG] 2026-10-08 22:40:47.470 [main] TwoPhaseLoad - Processing attribute `username` : value = testuser
[DEBUG] 2026-10-08 22:40:47.470 [main] TwoPhaseLoad - Attribute (`username`)  - enhanced for lazy-loading? - false
[DEBUG] 2026-10-08 22:40:47.471 [main] TwoPhaseLoad - Processing attribute `vocabulary` : value = NOT NULL COLLECTION
[DEBUG] 2026-10-08 22:40:47.471 [main] TwoPhaseLoad - Attribute (`vocabulary`)  - enhanced for lazy-loading? - false
[DEBUG] 2026-10-08 22:40:47.471 [main] TwoPhaseLoad - Done materializing entity [fonik.app.entity.User#1]
[DEBUG] 2026-10-08 22:40:47.471 [main] AbstractLoadPlanBasedEntityLoader - Done entity load : fonik.app.entity.User#1
[DEBUG] 2026-10-08 22:40:47.472 [main] TwoPhaseLoad - Done materializing entity [fonik.app.entity.Vocabulary#4]
[DEBUG] 2026-10-08 22:40:47.472 [main] TwoPhaseLoad - Resolving attributes for [fonik.app.entity.Vocabulary#5]
[DEBUG] 2026-10-08 22:40:47.472 [main] TwoPhaseLoad - Processing attribute `article` : value = der
[DEBUG] 2026-10-08 22:40:47.472 [main] TwoPhaseLoad - Attribute (`article`)  - enhanced for lazy-loading? - false
[DEBUG] 2026-10-08 22:40:47.472 [main] TwoPhaseLoad - Processing attribute `englishMeaning` : value = dog
[DEBUG] 2026-10-08 22:40:47.472 [main] TwoPhaseLoad - Attribute (`englishMeaning`)  - enhanced for lazy-loading? - false
[DEBUG] 2026-10-08 22:40:47.472 [main] TwoPhaseLoad - Processing attribute `germanWord` : value = Hundd
[DEBUG] 2026-10-08 22:40:47.472 [main] TwoPhaseLoad - Attribute (`germanWord`)  - enhanced for lazy-loading? - false
[DEBUG] 2026-10-08 22:40:47.472 [main] TwoPhaseLoad - Processing attribute `plural` : value = Hunde
[DEBUG] 2026-10-08 22:40:47.472 [main] TwoPhaseLoad - Attribute (`plural`)  - enhanced for lazy-loading? - false
[DEBUG] 2026-10-08 22:40:47.472 [main] TwoPhaseLoad - Processing attribute `user` : value = 1
[DEBUG] 2026-10-08 22:40:47.472 [main] TwoPhaseLoad - Attribute (`user`)  - enhanced for lazy-loading? - false
[DEBUG] 2026-10-08 22:40:47.473 [main] TwoPhaseLoad - Done materializing entity [fonik.app.entity.Vocabulary#5]
[DEBUG] 2026-10-08 22:40:47.473 [main] TwoPhaseLoad - Resolving attributes for [fonik.app.entity.Vocabulary#6]
[DEBUG] 2026-10-08 22:40:47.473 [main] TwoPhaseLoad - Processing attribute `article` : value = die
[DEBUG] 2026-10-08 22:40:47.473 [main] TwoPhaseLoad - Attribute (`article`)  - enhanced for lazy-loading? - false
[DEBUG] 2026-10-08 22:40:47.473 [main] TwoPhaseLoad - Processing attribute `englishMeaning` : value = cat
[DEBUG] 2026-10-08 22:40:47.473 [main] TwoPhaseLoad - Attribute (`englishMeaning`)  - enhanced for lazy-loading? - false
[DEBUG] 2026-10-08 22:40:47.473 [main] TwoPhaseLoad - Processing attribute `germanWord` : value = Katzez
[DEBUG] 2026-10-08 22:40:47.473 [main] TwoPhaseLoad - Attribute (`germanWord`)  - enhanced for lazy-loading? - false
[DEBUG] 2026-10-08 22:40:47.473 [main] TwoPhaseLoad - Processing attribute `plural` : value = Katzen
[DEBUG] 2026-10-08 22:40:47.473 [main] TwoPhaseLoad - Attribute (`plural`)  - enhanced for lazy-loading? - false
[DEBUG] 2026-10-08 22:40:47.474 [main] TwoPhaseLoad - Processing attribute `user` : value = 1
[DEBUG] 2026-10-08 22:40:47.474 [main] TwoPhaseLoad - Attribute (`user`)  - enhanced for lazy-loading? - false
[DEBUG] 2026-10-08 22:40:47.474 [main] TwoPhaseLoad - Done materializing entity [fonik.app.entity.Vocabulary#6]
[DEBUG] 2026-10-08 22:40:47.477 [main] LogicalConnectionManagedImpl - Initiating JDBC connection release from afterTransaction
[DEBUG] 2026-10-08 22:40:47.778 [main] SQL - select vocabulary0_.id as id1_1_0_, vocabulary0_.article as article2_1_0_, vocabulary0_.english_meaning as english_3_1_0_, vocabulary0_.german_word as german_w4_1_0_, vocabulary0_.plural as plural5_1_0_, vocabulary0_.user_id as user_id6_1_0_, user1_.id as id1_0_1_, user1_.email as email2_0_1_, user1_.password as password3_0_1_, user1_.username as username4_0_1_ from vocabulary vocabulary0_ inner join users user1_ on vocabulary0_.user_id=user1_.id where vocabulary0_.id=?
[DEBUG] 2026-10-08 22:40:47.784 [main] EntityReferenceInitializerImpl - On call to EntityIdentifierReaderImpl#resolve, EntityKey was already known; should only happen on root returns with an optional identifier specified
[DEBUG] 2026-10-08 22:40:47.785 [main] TwoPhaseLoad - Resolving attributes for [fonik.app.entity.Vocabulary#5]
[DEBUG] 2026-10-08 22:40:47.785 [main] TwoPhaseLoad - Processing attribute `article` : value = der
[DEBUG] 2026-10-08 22:40:47.785 [main] TwoPhaseLoad - Attribute (`article`)  - enhanced for lazy-loading? - false
[DEBUG] 2026-10-08 22:40:47.785 [main] TwoPhaseLoad - Processing attribute `englishMeaning` : value = dog
[DEBUG] 2026-10-08 22:40:47.785 [main] TwoPhaseLoad - Attribute (`englishMeaning`)  - enhanced for lazy-loading? - false
[DEBUG] 2026-10-08 22:40:47.785 [main] TwoPhaseLoad - Processing attribute `germanWord` : value = Hundd
[DEBUG] 2026-10-08 22:40:47.785 [main] TwoPhaseLoad - Attribute (`germanWord`)  - enhanced for lazy-loading? - false
[DEBUG] 2026-10-08 22:40:47.785 [main] TwoPhaseLoad - Processing attribute `plural` : value = Hunde
[DEBUG] 2026-10-08 22:40:47.785 [main] TwoPhaseLoad - Attribute (`plural`)  - enhanced for lazy-loading? - false
[DEBUG] 2026-10-08 22:40:47.785 [main] TwoPhaseLoad - Processing attribute `user` : value = 1
[DEBUG] 2026-10-08 22:40:47.785 [main] TwoPhaseLoad - Attribute (`user`)  - enhanced for lazy-loading? - false
[DEBUG] 2026-10-08 22:40:47.785 [main] TwoPhaseLoad - Done materializing entity [fonik.app.entity.Vocabulary#5]
[DEBUG] 2026-10-08 22:40:47.786 [main] TwoPhaseLoad - Resolving attributes for [fonik.app.entity.User#1]
[DEBUG] 2026-10-08 22:40:47.786 [main] TwoPhaseLoad - Processing attribute `email` : value = test@example.com
[DEBUG] 2026-10-08 22:40:47.786 [main] TwoPhaseLoad - Attribute (`email`)  - enhanced for lazy-loading? - false
[DEBUG] 2026-10-08 22:40:47.786 [main] TwoPhaseLoad - Processing attribute `password` : value = test123
[DEBUG] 2026-10-08 22:40:47.786 [main] TwoPhaseLoad - Attribute (`password`)  - enhanced for lazy-loading? - false
[DEBUG] 2026-10-08 22:40:47.786 [main] TwoPhaseLoad - Processing attribute `username` : value = testuser
[DEBUG] 2026-10-08 22:40:47.786 [main] TwoPhaseLoad - Attribute (`username`)  - enhanced for lazy-loading? - false
[DEBUG] 2026-10-08 22:40:47.786 [main] TwoPhaseLoad - Processing attribute `vocabulary` : value = NOT NULL COLLECTION
[DEBUG] 2026-10-08 22:40:47.786 [main] TwoPhaseLoad - Attribute (`vocabulary`)  - enhanced for lazy-loading? - false
[DEBUG] 2026-10-08 22:40:47.787 [main] TwoPhaseLoad - Done materializing entity [fonik.app.entity.User#1]
[DEBUG] 2026-10-08 22:40:47.788 [main] AbstractLoadPlanBasedEntityLoader - Done entity load : fonik.app.entity.Vocabulary#5
[DEBUG] 2026-10-08 22:40:47.788 [main] LogicalConnectionManagedImpl - Initiating JDBC connection release from afterTransaction
[DEBUG] 2026-10-08 22:40:47.789 [main] TransactionImpl - On TransactionImpl creation, JpaCompliance#isJpaTransactionComplianceEnabled == false
[DEBUG] 2026-10-08 22:40:47.789 [main] TransactionImpl - begin
[DEBUG] 2026-10-08 22:40:47.792 [main] EntityCopyObserverFactoryInitiator - Configured EntityCopyObserver strategy: disallow
[DEBUG] 2026-10-08 22:40:47.810 [main] Loader - Static select for action ACTION_MERGE on entity fonik.app.entity.Vocabulary: select vocabulary0_.id as id1_1_0_, vocabulary0_.article as article2_1_0_, vocabulary0_.english_meaning as english_3_1_0_, vocabulary0_.german_word as german_w4_1_0_, vocabulary0_.plural as plural5_1_0_, vocabulary0_.user_id as user_id6_1_0_ from vocabulary vocabulary0_ where vocabulary0_.id=?
[DEBUG] 2026-10-08 22:40:47.810 [main] Loader - Loading entity: [fonik.app.entity.Vocabulary#5]
[DEBUG] 2026-10-08 22:40:47.811 [main] SQL - select vocabulary0_.id as id1_1_0_, vocabulary0_.article as article2_1_0_, vocabulary0_.english_meaning as english_3_1_0_, vocabulary0_.german_word as german_w4_1_0_, vocabulary0_.plural as plural5_1_0_, vocabulary0_.user_id as user_id6_1_0_ from vocabulary vocabulary0_ where vocabulary0_.id=?
[DEBUG] 2026-10-08 22:40:47.813 [main] Loader - Result set row: 0
[DEBUG] 2026-10-08 22:40:47.813 [main] Loader - Result row: EntityKey[fonik.app.entity.Vocabulary#5]
[DEBUG] 2026-10-08 22:40:47.813 [main] TwoPhaseLoad - Resolving attributes for [fonik.app.entity.Vocabulary#5]
[DEBUG] 2026-10-08 22:40:47.814 [main] TwoPhaseLoad - Processing attribute `article` : value = der
[DEBUG] 2026-10-08 22:40:47.814 [main] TwoPhaseLoad - Attribute (`article`)  - enhanced for lazy-loading? - false
[DEBUG] 2026-10-08 22:40:47.814 [main] TwoPhaseLoad - Processing attribute `englishMeaning` : value = dog
[DEBUG] 2026-10-08 22:40:47.814 [main] TwoPhaseLoad - Attribute (`englishMeaning`)  - enhanced for lazy-loading? - false
[DEBUG] 2026-10-08 22:40:47.814 [main] TwoPhaseLoad - Processing attribute `germanWord` : value = Hundd
[DEBUG] 2026-10-08 22:40:47.814 [main] TwoPhaseLoad - Attribute (`germanWord`)  - enhanced for lazy-loading? - false
[DEBUG] 2026-10-08 22:40:47.814 [main] TwoPhaseLoad - Processing attribute `plural` : value = Hunde
[DEBUG] 2026-10-08 22:40:47.814 [main] TwoPhaseLoad - Attribute (`plural`)  - enhanced for lazy-loading? - false
[DEBUG] 2026-10-08 22:40:47.814 [main] TwoPhaseLoad - Processing attribute `user` : value = 1
[DEBUG] 2026-10-08 22:40:47.814 [main] TwoPhaseLoad - Attribute (`user`)  - enhanced for lazy-loading? - false
[DEBUG] 2026-10-08 22:40:47.817 [main] Loader - Static select for action ACTION_MERGE on entity fonik.app.entity.User: select user0_.id as id1_0_1_, user0_.email as email2_0_1_, user0_.password as password3_0_1_, user0_.username as username4_0_1_, vocabulary1_.user_id as user_id6_1_3_, vocabulary1_.id as id1_1_3_, vocabulary1_.id as id1_1_0_, vocabulary1_.article as article2_1_0_, vocabulary1_.english_meaning as english_3_1_0_, vocabulary1_.german_word as german_w4_1_0_, vocabulary1_.plural as plural5_1_0_, vocabulary1_.user_id as user_id6_1_0_ from users user0_ left outer join vocabulary vocabulary1_ on user0_.id=vocabulary1_.user_id where user0_.id=?
[DEBUG] 2026-10-08 22:40:47.817 [main] Loader - Loading entity: [fonik.app.entity.User#1]
[DEBUG] 2026-10-08 22:40:47.817 [main] SQL - select user0_.id as id1_0_1_, user0_.email as email2_0_1_, user0_.password as password3_0_1_, user0_.username as username4_0_1_, vocabulary1_.user_id as user_id6_1_3_, vocabulary1_.id as id1_1_3_, vocabulary1_.id as id1_1_0_, vocabulary1_.article as article2_1_0_, vocabulary1_.english_meaning as english_3_1_0_, vocabulary1_.german_word as german_w4_1_0_, vocabulary1_.plural as plural5_1_0_, vocabulary1_.user_id as user_id6_1_0_ from users user0_ left outer join vocabulary vocabulary1_ on user0_.id=vocabulary1_.user_id where user0_.id=?
[DEBUG] 2026-10-08 22:40:47.820 [main] Loader - Result set row: 0
[DEBUG] 2026-10-08 22:40:47.820 [main] Loader - Result row: EntityKey[fonik.app.entity.Vocabulary#4], EntityKey[fonik.app.entity.User#1]
[DEBUG] 2026-10-08 22:40:47.821 [main] Loader - Found row of collection: [fonik.app.entity.User.vocabulary#1]
[DEBUG] 2026-10-08 22:40:47.825 [main] Loader - Result set row: 1
[DEBUG] 2026-10-08 22:40:47.825 [main] Loader - Result row: EntityKey[fonik.app.entity.Vocabulary#5], EntityKey[fonik.app.entity.User#1]
[DEBUG] 2026-10-08 22:40:47.825 [main] Loader - Found row of collection: [fonik.app.entity.User.vocabulary#1]
[DEBUG] 2026-10-08 22:40:47.825 [main] Loader - Result set row: 2
[DEBUG] 2026-10-08 22:40:47.825 [main] Loader - Result row: EntityKey[fonik.app.entity.Vocabulary#6], EntityKey[fonik.app.entity.User#1]
[DEBUG] 2026-10-08 22:40:47.825 [main] Loader - Found row of collection: [fonik.app.entity.User.vocabulary#1]
[DEBUG] 2026-10-08 22:40:47.827 [main] TwoPhaseLoad - Resolving attributes for [fonik.app.entity.Vocabulary#4]
[DEBUG] 2026-10-08 22:40:47.827 [main] TwoPhaseLoad - Processing attribute `article` : value = das
[DEBUG] 2026-10-08 22:40:47.827 [main] TwoPhaseLoad - Attribute (`article`)  - enhanced for lazy-loading? - false
[DEBUG] 2026-10-08 22:40:47.827 [main] TwoPhaseLoad - Processing attribute `englishMeaning` : value = house
[DEBUG] 2026-10-08 22:40:47.827 [main] TwoPhaseLoad - Attribute (`englishMeaning`)  - enhanced for lazy-loading? - false
[DEBUG] 2026-10-08 22:40:47.827 [main] TwoPhaseLoad - Processing attribute `germanWord` : value = Haus
[DEBUG] 2026-10-08 22:40:47.827 [main] TwoPhaseLoad - Attribute (`germanWord`)  - enhanced for lazy-loading? - false
[DEBUG] 2026-10-08 22:40:47.827 [main] TwoPhaseLoad - Processing attribute `plural` : value = Häuser
[DEBUG] 2026-10-08 22:40:47.827 [main] TwoPhaseLoad - Attribute (`plural`)  - enhanced for lazy-loading? - false
[DEBUG] 2026-10-08 22:40:47.827 [main] TwoPhaseLoad - Processing attribute `user` : value = 1
[DEBUG] 2026-10-08 22:40:47.827 [main] TwoPhaseLoad - Attribute (`user`)  - enhanced for lazy-loading? - false
[DEBUG] 2026-10-08 22:40:47.828 [main] TwoPhaseLoad - Done materializing entity [fonik.app.entity.Vocabulary#4]
[DEBUG] 2026-10-08 22:40:47.828 [main] TwoPhaseLoad - Resolving attributes for [fonik.app.entity.User#1]
[DEBUG] 2026-10-08 22:40:47.828 [main] TwoPhaseLoad - Processing attribute `email` : value = test@example.com
[DEBUG] 2026-10-08 22:40:47.828 [main] TwoPhaseLoad - Attribute (`email`)  - enhanced for lazy-loading? - false
[DEBUG] 2026-10-08 22:40:47.828 [main] TwoPhaseLoad - Processing attribute `password` : value = test123
[DEBUG] 2026-10-08 22:40:47.828 [main] TwoPhaseLoad - Attribute (`password`)  - enhanced for lazy-loading? - false
[DEBUG] 2026-10-08 22:40:47.828 [main] TwoPhaseLoad - Processing attribute `username` : value = testuser
[DEBUG] 2026-10-08 22:40:47.828 [main] TwoPhaseLoad - Attribute (`username`)  - enhanced for lazy-loading? - false
[DEBUG] 2026-10-08 22:40:47.828 [main] TwoPhaseLoad - Processing attribute `vocabulary` : value = NOT NULL COLLECTION
[DEBUG] 2026-10-08 22:40:47.828 [main] TwoPhaseLoad - Attribute (`vocabulary`)  - enhanced for lazy-loading? - false
[DEBUG] 2026-10-08 22:40:47.829 [main] TwoPhaseLoad - Done materializing entity [fonik.app.entity.User#1]
[DEBUG] 2026-10-08 22:40:47.829 [main] TwoPhaseLoad - Resolving attributes for [fonik.app.entity.Vocabulary#6]
[DEBUG] 2026-10-08 22:40:47.829 [main] TwoPhaseLoad - Processing attribute `article` : value = die
[DEBUG] 2026-10-08 22:40:47.829 [main] TwoPhaseLoad - Attribute (`article`)  - enhanced for lazy-loading? - false
[DEBUG] 2026-10-08 22:40:47.829 [main] TwoPhaseLoad - Processing attribute `englishMeaning` : value = cat
[DEBUG] 2026-10-08 22:40:47.829 [main] TwoPhaseLoad - Attribute (`englishMeaning`)  - enhanced for lazy-loading? - false
[DEBUG] 2026-10-08 22:40:47.829 [main] TwoPhaseLoad - Processing attribute `germanWord` : value = Katzez
[DEBUG] 2026-10-08 22:40:47.829 [main] TwoPhaseLoad - Attribute (`germanWord`)  - enhanced for lazy-loading? - false
[DEBUG] 2026-10-08 22:40:47.829 [main] TwoPhaseLoad - Processing attribute `plural` : value = Katzen
[DEBUG] 2026-10-08 22:40:47.829 [main] TwoPhaseLoad - Attribute (`plural`)  - enhanced for lazy-loading? - false
[DEBUG] 2026-10-08 22:40:47.829 [main] TwoPhaseLoad - Processing attribute `user` : value = 1
[DEBUG] 2026-10-08 22:40:47.829 [main] TwoPhaseLoad - Attribute (`user`)  - enhanced for lazy-loading? - false
[DEBUG] 2026-10-08 22:40:47.830 [main] TwoPhaseLoad - Done materializing entity [fonik.app.entity.Vocabulary#6]
[DEBUG] 2026-10-08 22:40:47.830 [main] CollectionLoadContext - 1 collections were found in result set for role: fonik.app.entity.User.vocabulary
[DEBUG] 2026-10-08 22:40:47.830 [main] CollectionLoadContext - Collection fully initialized: [fonik.app.entity.User.vocabulary#1]
[DEBUG] 2026-10-08 22:40:47.830 [main] CollectionLoadContext - 1 collections initialized for role: fonik.app.entity.User.vocabulary
[DEBUG] 2026-10-08 22:40:47.831 [main] Loader - Done entity load
[DEBUG] 2026-10-08 22:40:47.831 [main] TwoPhaseLoad - Done materializing entity [fonik.app.entity.Vocabulary#5]
[DEBUG] 2026-10-08 22:40:47.831 [main] Loader - Done entity load
[DEBUG] 2026-10-08 22:40:47.831 [main] TransactionImpl - committing
[DEBUG] 2026-10-08 22:40:47.831 [main] AbstractFlushingEventListener - Processing flush-time cascades
[DEBUG] 2026-10-08 22:40:47.834 [main] AbstractFlushingEventListener - Dirty checking collections
[DEBUG] 2026-10-08 22:40:47.840 [main] Collections - Collection found: [fonik.app.entity.User.vocabulary#1], was: [fonik.app.entity.User.vocabulary#1] (initialized)
[DEBUG] 2026-10-08 22:40:47.840 [main] AbstractFlushingEventListener - Flushed: 0 insertions, 0 updates, 0 deletions to 4 objects
[DEBUG] 2026-10-08 22:40:47.840 [main] AbstractFlushingEventListener - Flushed: 0 (re)creations, 0 updates, 0 removals to 1 collections
[DEBUG] 2026-10-08 22:40:47.840 [main] EntityPrinter - Listing entities:
[DEBUG] 2026-10-08 22:40:47.840 [main] EntityPrinter - fonik.app.entity.Vocabulary{englishMeaning=house, plural=Häuser, germanWord=Haus, id=4, user=fonik.app.entity.User#1, article=das}
[DEBUG] 2026-10-08 22:40:47.840 [main] EntityPrinter - fonik.app.entity.Vocabulary{englishMeaning=dog, plural=Hunde, germanWord=Hundd, id=5, user=fonik.app.entity.User#1, article=der}
[DEBUG] 2026-10-08 22:40:47.840 [main] EntityPrinter - fonik.app.entity.Vocabulary{englishMeaning=cat, plural=Katzen, germanWord=Katzez, id=6, user=fonik.app.entity.User#1, article=die}
[DEBUG] 2026-10-08 22:40:47.841 [main] EntityPrinter - fonik.app.entity.User{password=test123, vocabulary=[fonik.app.entity.Vocabulary#4, fonik.app.entity.Vocabulary#5, fonik.app.entity.Vocabulary#6], id=1, email=test@example.com, username=testuser}
[DEBUG] 2026-10-08 22:40:47.842 [main] LogicalConnectionManagedImpl - Initiating JDBC connection release from afterTransaction
[DEBUG] 2026-10-08 22:40:47.842 [main] LogicalConnectionManagedImpl - Initiating JDBC connection release from afterTransaction
[DEBUG] 2026-10-08 22:40:47.843 [main] SQL - select vocabulary0_.id as id1_1_0_, vocabulary0_.article as article2_1_0_, vocabulary0_.english_meaning as english_3_1_0_, vocabulary0_.german_word as german_w4_1_0_, vocabulary0_.plural as plural5_1_0_, vocabulary0_.user_id as user_id6_1_0_, user1_.id as id1_0_1_, user1_.email as email2_0_1_, user1_.password as password3_0_1_, user1_.username as username4_0_1_ from vocabulary vocabulary0_ inner join users user1_ on vocabulary0_.user_id=user1_.id where vocabulary0_.id=?
[DEBUG] 2026-10-08 22:40:47.845 [main] EntityReferenceInitializerImpl - On call to EntityIdentifierReaderImpl#resolve, EntityKey was already known; should only happen on root returns with an optional identifier specified
[DEBUG] 2026-10-08 22:40:47.845 [main] TwoPhaseLoad - Resolving attributes for [fonik.app.entity.Vocabulary#5]
[DEBUG] 2026-10-08 22:40:47.845 [main] TwoPhaseLoad - Processing attribute `article` : value = der
[DEBUG] 2026-10-08 22:40:47.845 [main] TwoPhaseLoad - Attribute (`article`)  - enhanced for lazy-loading? - false
[DEBUG] 2026-10-08 22:40:47.845 [main] TwoPhaseLoad - Processing attribute `englishMeaning` : value = dog
[DEBUG] 2026-10-08 22:40:47.845 [main] TwoPhaseLoad - Attribute (`englishMeaning`)  - enhanced for lazy-loading? - false
[DEBUG] 2026-10-08 22:40:47.845 [main] TwoPhaseLoad - Processing attribute `germanWord` : value = Hundd
[DEBUG] 2026-10-08 22:40:47.847 [main] TwoPhaseLoad - Attribute (`germanWord`)  - enhanced for lazy-loading? - false
[DEBUG] 2026-10-08 22:40:47.847 [main] TwoPhaseLoad - Processing attribute `plural` : value = Hunde
[DEBUG] 2026-10-08 22:40:47.847 [main] TwoPhaseLoad - Attribute (`plural`)  - enhanced for lazy-loading? - false
[DEBUG] 2026-10-08 22:40:47.847 [main] TwoPhaseLoad - Processing attribute `user` : value = 1
[DEBUG] 2026-10-08 22:40:47.847 [main] TwoPhaseLoad - Attribute (`user`)  - enhanced for lazy-loading? - false
[DEBUG] 2026-10-08 22:40:47.847 [main] TwoPhaseLoad - Done materializing entity [fonik.app.entity.Vocabulary#5]
[DEBUG] 2026-10-08 22:40:47.847 [main] TwoPhaseLoad - Resolving attributes for [fonik.app.entity.User#1]
[DEBUG] 2026-10-08 22:40:47.847 [main] TwoPhaseLoad - Processing attribute `email` : value = test@example.com
[DEBUG] 2026-10-08 22:40:47.847 [main] TwoPhaseLoad - Attribute (`email`)  - enhanced for lazy-loading? - false
[DEBUG] 2026-10-08 22:40:47.847 [main] TwoPhaseLoad - Processing attribute `password` : value = test123
[DEBUG] 2026-10-08 22:40:47.847 [main] TwoPhaseLoad - Attribute (`password`)  - enhanced for lazy-loading? - false
[DEBUG] 2026-10-08 22:40:47.847 [main] TwoPhaseLoad - Processing attribute `username` : value = testuser
[DEBUG] 2026-10-08 22:40:47.847 [main] TwoPhaseLoad - Attribute (`username`)  - enhanced for lazy-loading? - false
[DEBUG] 2026-10-08 22:40:47.847 [main] TwoPhaseLoad - Processing attribute `vocabulary` : value = NOT NULL COLLECTION
[DEBUG] 2026-10-08 22:40:47.847 [main] TwoPhaseLoad - Attribute (`vocabulary`)  - enhanced for lazy-loading? - false
[DEBUG] 2026-10-08 22:40:47.847 [main] TwoPhaseLoad - Done materializing entity [fonik.app.entity.User#1]
[DEBUG] 2026-10-08 22:40:47.847 [main] AbstractLoadPlanBasedEntityLoader - Done entity load : fonik.app.entity.Vocabulary#5
[DEBUG] 2026-10-08 22:40:47.848 [main] LogicalConnectionManagedImpl - Initiating JDBC connection release from afterTransaction
[DEBUG] 2026-10-08 22:40:48.570 [main] SQL - select vocabulary0_.id as id1_1_0_, vocabulary0_.article as article2_1_0_, vocabulary0_.english_meaning as english_3_1_0_, vocabulary0_.german_word as german_w4_1_0_, vocabulary0_.plural as plural5_1_0_, vocabulary0_.user_id as user_id6_1_0_, user1_.id as id1_0_1_, user1_.email as email2_0_1_, user1_.password as password3_0_1_, user1_.username as username4_0_1_ from vocabulary vocabulary0_ inner join users user1_ on vocabulary0_.user_id=user1_.id where vocabulary0_.id=?
[DEBUG] 2026-10-08 22:40:48.573 [main] EntityReferenceInitializerImpl - On call to EntityIdentifierReaderImpl#resolve, EntityKey was already known; should only happen on root returns with an optional identifier specified
[DEBUG] 2026-10-08 22:40:48.573 [main] TwoPhaseLoad - Resolving attributes for [fonik.app.entity.Vocabulary#4]
[DEBUG] 2026-10-08 22:40:48.573 [main] TwoPhaseLoad - Processing attribute `article` : value = das
[DEBUG] 2026-10-08 22:40:48.573 [main] TwoPhaseLoad - Attribute (`article`)  - enhanced for lazy-loading? - false
[DEBUG] 2026-10-08 22:40:48.573 [main] TwoPhaseLoad - Processing attribute `englishMeaning` : value = house
[DEBUG] 2026-10-08 22:40:48.573 [main] TwoPhaseLoad - Attribute (`englishMeaning`)  - enhanced for lazy-loading? - false
[DEBUG] 2026-10-08 22:40:48.573 [main] TwoPhaseLoad - Processing attribute `germanWord` : value = Haus
[DEBUG] 2026-10-08 22:40:48.573 [main] TwoPhaseLoad - Attribute (`germanWord`)  - enhanced for lazy-loading? - false
[DEBUG] 2026-10-08 22:40:48.573 [main] TwoPhaseLoad - Processing attribute `plural` : value = Häuser
[DEBUG] 2026-10-08 22:40:48.573 [main] TwoPhaseLoad - Attribute (`plural`)  - enhanced for lazy-loading? - false
[DEBUG] 2026-10-08 22:40:48.574 [main] TwoPhaseLoad - Processing attribute `user` : value = 1
[DEBUG] 2026-10-08 22:40:48.574 [main] TwoPhaseLoad - Attribute (`user`)  - enhanced for lazy-loading? - false
[DEBUG] 2026-10-08 22:40:48.574 [main] TwoPhaseLoad - Done materializing entity [fonik.app.entity.Vocabulary#4]
[DEBUG] 2026-10-08 22:40:48.574 [main] TwoPhaseLoad - Resolving attributes for [fonik.app.entity.User#1]
[DEBUG] 2026-10-08 22:40:48.574 [main] TwoPhaseLoad - Processing attribute `email` : value = test@example.com
[DEBUG] 2026-10-08 22:40:48.574 [main] TwoPhaseLoad - Attribute (`email`)  - enhanced for lazy-loading? - false
[DEBUG] 2026-10-08 22:40:48.574 [main] TwoPhaseLoad - Processing attribute `password` : value = test123
[DEBUG] 2026-10-08 22:40:48.574 [main] TwoPhaseLoad - Attribute (`password`)  - enhanced for lazy-loading? - false
[DEBUG] 2026-10-08 22:40:48.574 [main] TwoPhaseLoad - Processing attribute `username` : value = testuser
[DEBUG] 2026-10-08 22:40:48.574 [main] TwoPhaseLoad - Attribute (`username`)  - enhanced for lazy-loading? - false
[DEBUG] 2026-10-08 22:40:48.574 [main] TwoPhaseLoad - Processing attribute `vocabulary` : value = NOT NULL COLLECTION
[DEBUG] 2026-10-08 22:40:48.574 [main] TwoPhaseLoad - Attribute (`vocabulary`)  - enhanced for lazy-loading? - false
[DEBUG] 2026-10-08 22:40:48.574 [main] TwoPhaseLoad - Done materializing entity [fonik.app.entity.User#1]
[DEBUG] 2026-10-08 22:40:48.574 [main] AbstractLoadPlanBasedEntityLoader - Done entity load : fonik.app.entity.Vocabulary#4
[DEBUG] 2026-10-08 22:40:48.574 [main] LogicalConnectionManagedImpl - Initiating JDBC connection release from afterTransaction
[DEBUG] 2026-10-08 22:40:48.575 [main] TransactionImpl - On TransactionImpl creation, JpaCompliance#isJpaTransactionComplianceEnabled == false
[DEBUG] 2026-10-08 22:40:48.575 [main] TransactionImpl - begin
[DEBUG] 2026-10-08 22:40:48.581 [main] ActionQueue - Executing identity-insert immediately
[DEBUG] 2026-10-08 22:40:48.582 [main] SQL - insert into vocabulary (article, english_meaning, german_word, plural, user_id) values (?, ?, ?, ?, ?)
[DEBUG] 2026-10-08 22:40:48.588 [main] IdentifierGeneratorHelper - Natively generated identity: 7
[DEBUG] 2026-10-08 22:40:48.588 [main] ResourceRegistryStandardImpl - HHH000387: ResultSet's statement was not registered
[DEBUG] 2026-10-08 22:40:48.590 [main] TransactionImpl - committing
[DEBUG] 2026-10-08 22:40:48.590 [main] AbstractFlushingEventListener - Processing flush-time cascades
[DEBUG] 2026-10-08 22:40:48.590 [main] AbstractFlushingEventListener - Dirty checking collections
[DEBUG] 2026-10-08 22:40:48.590 [main] AbstractFlushingEventListener - Flushed: 0 insertions, 0 updates, 0 deletions to 1 objects
[DEBUG] 2026-10-08 22:40:48.590 [main] AbstractFlushingEventListener - Flushed: 0 (re)creations, 0 updates, 0 removals to 0 collections
[DEBUG] 2026-10-08 22:40:48.590 [main] EntityPrinter - Listing entities:
[DEBUG] 2026-10-08 22:40:48.591 [main] EntityPrinter - fonik.app.entity.Vocabulary{englishMeaning=tree, plural=B�ume, germanWord=Baum, id=7, user=fonik.app.entity.User#1, article=der}
[DEBUG] 2026-10-08 22:40:48.593 [main] LogicalConnectionManagedImpl - Initiating JDBC connection release from afterTransaction
[DEBUG] 2026-10-08 22:40:48.594 [main] LogicalConnectionManagedImpl - Initiating JDBC connection release from afterTransaction
[DEBUG] 2026-10-08 22:40:48.596 [main] SQL - select vocabulary0_.id as id1_1_0_, vocabulary0_.article as article2_1_0_, vocabulary0_.english_meaning as english_3_1_0_, vocabulary0_.german_word as german_w4_1_0_, vocabulary0_.plural as plural5_1_0_, vocabulary0_.user_id as user_id6_1_0_, user1_.id as id1_0_1_, user1_.email as email2_0_1_, user1_.password as password3_0_1_, user1_.username as username4_0_1_ from vocabulary vocabulary0_ inner join users user1_ on vocabulary0_.user_id=user1_.id where vocabulary0_.id=?
[DEBUG] 2026-10-08 22:40:48.598 [main] EntityReferenceInitializerImpl - On call to EntityIdentifierReaderImpl#resolve, EntityKey was already known; should only happen on root returns with an optional identifier specified
[DEBUG] 2026-10-08 22:40:48.599 [main] TwoPhaseLoad - Resolving attributes for [fonik.app.entity.Vocabulary#7]
[DEBUG] 2026-10-08 22:40:48.599 [main] TwoPhaseLoad - Processing attribute `article` : value = der
[DEBUG] 2026-10-08 22:40:48.599 [main] TwoPhaseLoad - Attribute (`article`)  - enhanced for lazy-loading? - false
[DEBUG] 2026-10-08 22:40:48.599 [main] TwoPhaseLoad - Processing attribute `englishMeaning` : value = tree
[DEBUG] 2026-10-08 22:40:48.599 [main] TwoPhaseLoad - Attribute (`englishMeaning`)  - enhanced for lazy-loading? - false
[DEBUG] 2026-10-08 22:40:48.599 [main] TwoPhaseLoad - Processing attribute `germanWord` : value = Baum
[DEBUG] 2026-10-08 22:40:48.599 [main] TwoPhaseLoad - Attribute (`germanWord`)  - enhanced for lazy-loading? - false
[DEBUG] 2026-10-08 22:40:48.599 [main] TwoPhaseLoad - Processing attribute `plural` : value = B�ume
[DEBUG] 2026-10-08 22:40:48.599 [main] TwoPhaseLoad - Attribute (`plural`)  - enhanced for lazy-loading? - false
[DEBUG] 2026-10-08 22:40:48.599 [main] TwoPhaseLoad - Processing attribute `user` : value = 1
[DEBUG] 2026-10-08 22:40:48.599 [main] TwoPhaseLoad - Attribute (`user`)  - enhanced for lazy-loading? - false
[DEBUG] 2026-10-08 22:40:48.599 [main] TwoPhaseLoad - Done materializing entity [fonik.app.entity.Vocabulary#7]
[DEBUG] 2026-10-08 22:40:48.600 [main] TwoPhaseLoad - Resolving attributes for [fonik.app.entity.User#1]
[DEBUG] 2026-10-08 22:40:48.600 [main] TwoPhaseLoad - Processing attribute `email` : value = test@example.com
[DEBUG] 2026-10-08 22:40:48.600 [main] TwoPhaseLoad - Attribute (`email`)  - enhanced for lazy-loading? - false
[DEBUG] 2026-10-08 22:40:48.600 [main] TwoPhaseLoad - Processing attribute `password` : value = test123
[DEBUG] 2026-10-08 22:40:48.600 [main] TwoPhaseLoad - Attribute (`password`)  - enhanced for lazy-loading? - false
[DEBUG] 2026-10-08 22:40:48.600 [main] TwoPhaseLoad - Processing attribute `username` : value = testuser
[DEBUG] 2026-10-08 22:40:48.600 [main] TwoPhaseLoad - Attribute (`username`)  - enhanced for lazy-loading? - false
[DEBUG] 2026-10-08 22:40:48.600 [main] TwoPhaseLoad - Processing attribute `vocabulary` : value = NOT NULL COLLECTION
[DEBUG] 2026-10-08 22:40:48.600 [main] TwoPhaseLoad - Attribute (`vocabulary`)  - enhanced for lazy-loading? - false
[DEBUG] 2026-10-08 22:40:48.600 [main] TwoPhaseLoad - Done materializing entity [fonik.app.entity.User#1]
[DEBUG] 2026-10-08 22:40:48.600 [main] AbstractLoadPlanBasedEntityLoader - Done entity load : fonik.app.entity.Vocabulary#7
[DEBUG] 2026-10-08 22:40:48.600 [main] LogicalConnectionManagedImpl - Initiating JDBC connection release from afterTransaction
