[DEBUG] 2026-10-08 22:43:10.989 [main] IntegratorServiceImpl - Adding Integrator [org.hibernate.cfg.beanvalidation.BeanValidationIntegrator].
[DEBUG] 2026-10-08 22:43:10.994 [main] IntegratorServiceImpl - Adding Integrator [org.hibernate.secure.spi.JaccIntegrator].
[DEBUG] 2026-10-08 22:43:10.998 [main] IntegratorServiceImpl - Adding Integrator [org.hibernate.cache.internal.CollectionCacheInvalidator].
[INFO ] 2026-10-08 22:43:11.020 [main] Version - HHH000412: Hibernate ORM core version 5.6.15.Final
[DEBUG] 2026-10-08 22:43:11.022 [main] Environment - HHH000206: hibernate.properties not found
[DEBUG] 2026-10-08 22:43:11.275 [main] LocalXmlResourceResolver - Interpreting public/system identifier : [-//Hibernate/Hibernate Configuration DTD//EN] - [http://www.hibernate.org/dtd/hibernate-configuration-3.0.dtd]
[DEBUG] 2026-10-08 22:43:11.276 [main] LocalXmlResourceResolver - Recognized hibernate-configuration identifier; attempting to resolve on classpath under org/hibernate/
[DEBUG] 2026-10-08 22:43:11.285 [main] JaxbCfgProcessor - cfg.xml document did not define namespaces; wrapping in custom event reader to introduce namespace information
[DEBUG] 2026-10-08 22:43:11.530 [main] ServiceBinding - Overriding existing service binding [org.hibernate.secure.spi.JaccService]
[DEBUG] 2026-10-08 22:43:11.545 [main] RegionFactoryInitiator - Cannot default RegionFactory based on registered strategies as `[]` RegionFactory strategies were registered
[DEBUG] 2026-10-08 22:43:11.545 [main] RegionFactoryInitiator - Cache region factory : org.hibernate.cache.internal.NoCachingRegionFactory
[INFO ] 2026-10-08 22:43:11.565 [main] Version - HCANN000001: Hibernate Commons Annotations {5.1.2.Final}
[DEBUG] 2026-10-08 22:43:12.197 [main] BasicTypeRegistry - Adding type registration boolean -> org.hibernate.type.BooleanType@47f08b81
[DEBUG] 2026-10-08 22:43:12.197 [main] BasicTypeRegistry - Adding type registration boolean -> org.hibernate.type.BooleanType@47f08b81
[DEBUG] 2026-10-08 22:43:12.197 [main] BasicTypeRegistry - Adding type registration java.lang.Boolean -> org.hibernate.type.BooleanType@47f08b81
[DEBUG] 2026-10-08 22:43:12.198 [main] BasicTypeRegistry - Adding type registration numeric_boolean -> org.hibernate.type.NumericBooleanType@267517e4
[DEBUG] 2026-10-08 22:43:12.198 [main] BasicTypeRegistry - Adding type registration true_false -> org.hibernate.type.TrueFalseType@614aeccc
[DEBUG] 2026-10-08 22:43:12.199 [main] BasicTypeRegistry - Adding type registration yes_no -> org.hibernate.type.YesNoType@322803db
[DEBUG] 2026-10-08 22:43:12.200 [main] BasicTypeRegistry - Adding type registration byte -> org.hibernate.type.ByteType@6f952d6c
[DEBUG] 2026-10-08 22:43:12.200 [main] BasicTypeRegistry - Adding type registration byte -> org.hibernate.type.ByteType@6f952d6c
[DEBUG] 2026-10-08 22:43:12.200 [main] BasicTypeRegistry - Adding type registration java.lang.Byte -> org.hibernate.type.ByteType@6f952d6c
[DEBUG] 2026-10-08 22:43:12.201 [main] BasicTypeRegistry - Adding type registration character -> org.hibernate.type.CharacterType@dffa30b
[DEBUG] 2026-10-08 22:43:12.201 [main] BasicTypeRegistry - Adding type registration char -> org.hibernate.type.CharacterType@dffa30b
[DEBUG] 2026-10-08 22:43:12.201 [main] BasicTypeRegistry - Adding type registration java.lang.Character -> org.hibernate.type.CharacterType@dffa30b
[DEBUG] 2026-10-08 22:43:12.202 [main] BasicTypeRegistry - Adding type registration short -> org.hibernate.type.ShortType@7b2a3ff8
[DEBUG] 2026-10-08 22:43:12.202 [main] BasicTypeRegistry - Adding type registration short -> org.hibernate.type.ShortType@7b2a3ff8
[DEBUG] 2026-10-08 22:43:12.203 [main] BasicTypeRegistry - Adding type registration java.lang.Short -> org.hibernate.type.ShortType@7b2a3ff8
[DEBUG] 2026-10-08 22:43:12.204 [main] BasicTypeRegistry - Adding type registration integer -> org.hibernate.type.IntegerType@383790cf
[DEBUG] 2026-10-08 22:43:12.204 [main] BasicTypeRegistry - Adding type registration int -> org.hibernate.type.IntegerType@383790cf
[DEBUG] 2026-10-08 22:43:12.204 [main] BasicTypeRegistry - Adding type registration java.lang.Integer -> org.hibernate.type.IntegerType@383790cf
[DEBUG] 2026-10-08 22:43:12.204 [main] BasicTypeRegistry - Adding type registration long -> org.hibernate.type.LongType@4d0b0fd4
[DEBUG] 2026-10-08 22:43:12.204 [main] BasicTypeRegistry - Adding type registration long -> org.hibernate.type.LongType@4d0b0fd4
[DEBUG] 2026-10-08 22:43:12.206 [main] BasicTypeRegistry - Adding type registration java.lang.Long -> org.hibernate.type.LongType@4d0b0fd4
[DEBUG] 2026-10-08 22:43:12.206 [main] BasicTypeRegistry - Adding type registration float -> org.hibernate.type.FloatType@4fe875be
[DEBUG] 2026-10-08 22:43:12.207 [main] BasicTypeRegistry - Adding type registration float -> org.hibernate.type.FloatType@4fe875be
[DEBUG] 2026-10-08 22:43:12.207 [main] BasicTypeRegistry - Adding type registration java.lang.Float -> org.hibernate.type.FloatType@4fe875be
[DEBUG] 2026-10-08 22:43:12.208 [main] BasicTypeRegistry - Adding type registration double -> org.hibernate.type.DoubleType@67dba613
[DEBUG] 2026-10-08 22:43:12.208 [main] BasicTypeRegistry - Adding type registration double -> org.hibernate.type.DoubleType@67dba613
[DEBUG] 2026-10-08 22:43:12.208 [main] BasicTypeRegistry - Adding type registration java.lang.Double -> org.hibernate.type.DoubleType@67dba613
[DEBUG] 2026-10-08 22:43:12.209 [main] BasicTypeRegistry - Adding type registration big_decimal -> org.hibernate.type.BigDecimalType@20ed3303
[DEBUG] 2026-10-08 22:43:12.209 [main] BasicTypeRegistry - Adding type registration java.math.BigDecimal -> org.hibernate.type.BigDecimalType@20ed3303
[DEBUG] 2026-10-08 22:43:12.210 [main] BasicTypeRegistry - Adding type registration big_integer -> org.hibernate.type.BigIntegerType@562c877a
[DEBUG] 2026-10-08 22:43:12.210 [main] BasicTypeRegistry - Adding type registration java.math.BigInteger -> org.hibernate.type.BigIntegerType@562c877a
[DEBUG] 2026-10-08 22:43:12.211 [main] BasicTypeRegistry - Adding type registration string -> org.hibernate.type.StringType@4d23015c
[DEBUG] 2026-10-08 22:43:12.211 [main] BasicTypeRegistry - Adding type registration java.lang.String -> org.hibernate.type.StringType@4d23015c
[DEBUG] 2026-10-08 22:43:12.211 [main] BasicTypeRegistry - Adding type registration nstring -> org.hibernate.type.StringNVarcharType@26dcd8c0
[DEBUG] 2026-10-08 22:43:12.212 [main] BasicTypeRegistry - Adding type registration ncharacter -> org.hibernate.type.CharacterNCharType@773c0293
[DEBUG] 2026-10-08 22:43:12.213 [main] BasicTypeRegistry - Adding type registration url -> org.hibernate.type.UrlType@1a5f7e7c
[DEBUG] 2026-10-08 22:43:12.213 [main] BasicTypeRegistry - Adding type registration java.net.URL -> org.hibernate.type.UrlType@1a5f7e7c
[DEBUG] 2026-10-08 22:43:12.214 [main] BasicTypeRegistry - Adding type registration Duration -> org.hibernate.type.DurationType@319854f0
[DEBUG] 2026-10-08 22:43:12.214 [main] BasicTypeRegistry - Adding type registration java.time.Duration -> org.hibernate.type.DurationType@319854f0
[DEBUG] 2026-10-08 22:43:12.216 [main] BasicTypeRegistry - Adding type registration Instant -> org.hibernate.type.InstantType@682bd3c4
[DEBUG] 2026-10-08 22:43:12.217 [main] BasicTypeRegistry - Adding type registration java.time.Instant -> org.hibernate.type.InstantType@682bd3c4
[DEBUG] 2026-10-08 22:43:12.218 [main] BasicTypeRegistry - Adding type registration LocalDateTime -> org.hibernate.type.LocalDateTimeType@6f667ad1
[DEBUG] 2026-10-08 22:43:12.218 [main] BasicTypeRegistry - Adding type registration java.time.LocalDateTime -> org.hibernate.type.LocalDateTimeType@6f667ad1
[DEBUG] 2026-10-08 22:43:12.219 [main] BasicTypeRegistry - Adding type registration LocalDate -> org.hibernate.type.LocalDateType@765df79d
[DEBUG] 2026-10-08 22:43:12.219 [main] BasicTypeRegistry - Adding type registration java.time.LocalDate -> org.hibernate.type.LocalDateType@765df79d
[DEBUG] 2026-10-08 22:43:12.220 [main] BasicTypeRegistry - Adding type registration LocalTime -> org.hibernate.type.LocalTimeType@4cdd2c73
[DEBUG] 2026-10-08 22:43:12.220 [main] BasicTypeRegistry - Adding type registration java.time.LocalTime -> org.hibernate.type.LocalTimeType@4cdd2c73
[DEBUG] 2026-10-08 22:43:12.223 [main] BasicTypeRegistry - Adding type registration OffsetDateTime -> org.hibernate.type.OffsetDateTimeType@37fdfb05
[DEBUG] 2026-10-08 22:43:12.223 [main] BasicTypeRegistry - Adding type registration java.time.OffsetDateTime -> org.hibernate.type.OffsetDateTimeType@37fdfb05
[DEBUG] 2026-10-08 22:43:12.224 [main] BasicTypeRegistry - Adding type registration OffsetTime -> org.hibernate.type.OffsetTimeType@6a10b263
[DEBUG] 2026-10-08 22:43:12.224 [main] BasicTypeRegistry - Adding type registration java.time.OffsetTime -> org.hibernate.type.OffsetTimeType@6a10b263
[DEBUG] 2026-10-08 22:43:12.226 [main] BasicTypeRegistry - Adding type registration ZonedDateTime -> org.hibernate.type.ZonedDateTimeType@248deced
[DEBUG] 2026-10-08 22:43:12.226 [main] BasicTypeRegistry - Adding type registration java.time.ZonedDateTime -> org.hibernate.type.ZonedDateTimeType@248deced
[DEBUG] 2026-10-08 22:43:12.227 [main] BasicTypeRegistry - Adding type registration date -> org.hibernate.type.DateType@4d74c3ba
[DEBUG] 2026-10-08 22:43:12.227 [main] BasicTypeRegistry - Adding type registration java.sql.Date -> org.hibernate.type.DateType@4d74c3ba
[DEBUG] 2026-10-08 22:43:12.228 [main] BasicTypeRegistry - Adding type registration time -> org.hibernate.type.TimeType@73ba6fe6
[DEBUG] 2026-10-08 22:43:12.229 [main] BasicTypeRegistry - Adding type registration java.sql.Time -> org.hibernate.type.TimeType@73ba6fe6
[DEBUG] 2026-10-08 22:43:12.230 [main] BasicTypeRegistry - Adding type registration timestamp -> org.hibernate.type.TimestampType@7435a578
[DEBUG] 2026-10-08 22:43:12.230 [main] BasicTypeRegistry - Adding type registration java.sql.Timestamp -> org.hibernate.type.TimestampType@7435a578
[DEBUG] 2026-10-08 22:43:12.230 [main] BasicTypeRegistry - Adding type registration java.util.Date -> org.hibernate.type.TimestampType@7435a578
[DEBUG] 2026-10-08 22:43:12.232 [main] BasicTypeRegistry - Adding type registration dbtimestamp -> org.hibernate.type.DbTimestampType@65bb9029
[DEBUG] 2026-10-08 22:43:12.233 [main] BasicTypeRegistry - Adding type registration calendar -> org.hibernate.type.CalendarType@24fabd0f
[DEBUG] 2026-10-08 22:43:12.233 [main] BasicTypeRegistry - Adding type registration java.util.Calendar -> org.hibernate.type.CalendarType@24fabd0f
[DEBUG] 2026-10-08 22:43:12.233 [main] BasicTypeRegistry - Adding type registration java.util.GregorianCalendar -> org.hibernate.type.CalendarType@24fabd0f
[DEBUG] 2026-10-08 22:43:12.234 [main] BasicTypeRegistry - Adding type registration calendar_date -> org.hibernate.type.CalendarDateType@78de58ea
[DEBUG] 2026-10-08 22:43:12.234 [main] BasicTypeRegistry - Adding type registration calendar_time -> org.hibernate.type.CalendarTimeType@60dd3c23
[DEBUG] 2026-10-08 22:43:12.235 [main] BasicTypeRegistry - Adding type registration locale -> org.hibernate.type.LocaleType@5bcde458
[DEBUG] 2026-10-08 22:43:12.235 [main] BasicTypeRegistry - Adding type registration java.util.Locale -> org.hibernate.type.LocaleType@5bcde458
[DEBUG] 2026-10-08 22:43:12.237 [main] BasicTypeRegistry - Adding type registration currency -> org.hibernate.type.CurrencyType@45792847
[DEBUG] 2026-10-08 22:43:12.237 [main] BasicTypeRegistry - Adding type registration java.util.Currency -> org.hibernate.type.CurrencyType@45792847
[DEBUG] 2026-10-08 22:43:12.238 [main] BasicTypeRegistry - Adding type registration timezone -> org.hibernate.type.TimeZoneType@1dcca8d3
[DEBUG] 2026-10-08 22:43:12.238 [main] BasicTypeRegistry - Adding type registration java.util.TimeZone -> org.hibernate.type.TimeZoneType@1dcca8d3
[DEBUG] 2026-10-08 22:43:12.239 [main] BasicTypeRegistry - Adding type registration class -> org.hibernate.type.ClassType@2e380628
[DEBUG] 2026-10-08 22:43:12.239 [main] BasicTypeRegistry - Adding type registration java.lang.Class -> org.hibernate.type.ClassType@2e380628
[DEBUG] 2026-10-08 22:43:12.240 [main] BasicTypeRegistry - Adding type registration uuid-binary -> org.hibernate.type.UUIDBinaryType@320494b6
[DEBUG] 2026-10-08 22:43:12.240 [main] BasicTypeRegistry - Adding type registration java.util.UUID -> org.hibernate.type.UUIDBinaryType@320494b6
[DEBUG] 2026-10-08 22:43:12.240 [main] BasicTypeRegistry - Adding type registration uuid-char -> org.hibernate.type.UUIDCharType@47d7bfb3
[DEBUG] 2026-10-08 22:43:12.241 [main] BasicTypeRegistry - Adding type registration binary -> org.hibernate.type.BinaryType@25a73de1
[DEBUG] 2026-10-08 22:43:12.242 [main] BasicTypeRegistry - Adding type registration byte[] -> org.hibernate.type.BinaryType@25a73de1
[DEBUG] 2026-10-08 22:43:12.242 [main] BasicTypeRegistry - Adding type registration [B -> org.hibernate.type.BinaryType@25a73de1
[DEBUG] 2026-10-08 22:43:12.243 [main] BasicTypeRegistry - Adding type registration wrapper-binary -> org.hibernate.type.WrapperBinaryType@51827393
[DEBUG] 2026-10-08 22:43:12.243 [main] BasicTypeRegistry - Adding type registration Byte[] -> org.hibernate.type.WrapperBinaryType@51827393
[DEBUG] 2026-10-08 22:43:12.243 [main] BasicTypeRegistry - Adding type registration [Ljava.lang.Byte; -> org.hibernate.type.WrapperBinaryType@51827393
[DEBUG] 2026-10-08 22:43:12.244 [main] BasicTypeRegistry - Adding type registration row_version -> org.hibernate.type.RowVersionType@46d8f407
[DEBUG] 2026-10-08 22:43:12.245 [main] BasicTypeRegistry - Adding type registration image -> org.hibernate.type.ImageType@7bb004b8
[DEBUG] 2026-10-08 22:43:12.246 [main] BasicTypeRegistry - Adding type registration characters -> org.hibernate.type.CharArrayType@185f7840
[DEBUG] 2026-10-08 22:43:12.246 [main] BasicTypeRegistry - Adding type registration char[] -> org.hibernate.type.CharArrayType@185f7840
[DEBUG] 2026-10-08 22:43:12.246 [main] BasicTypeRegistry - Adding type registration [C -> org.hibernate.type.CharArrayType@185f7840
[DEBUG] 2026-10-08 22:43:12.249 [main] BasicTypeRegistry - Adding type registration wrapper-characters -> org.hibernate.type.CharacterArrayType@3104351d
[DEBUG] 2026-10-08 22:43:12.249 [main] BasicTypeRegistry - Adding type registration [Ljava.lang.Character; -> org.hibernate.type.CharacterArrayType@3104351d
[DEBUG] 2026-10-08 22:43:12.249 [main] BasicTypeRegistry - Adding type registration Character[] -> org.hibernate.type.CharacterArrayType@3104351d
[DEBUG] 2026-10-08 22:43:12.249 [main] BasicTypeRegistry - Adding type registration text -> org.hibernate.type.TextType@6b474074
[DEBUG] 2026-10-08 22:43:12.251 [main] BasicTypeRegistry - Adding type registration ntext -> org.hibernate.type.NTextType@3b08f438
[DEBUG] 2026-10-08 22:43:12.252 [main] BasicTypeRegistry - Adding type registration blob -> org.hibernate.type.BlobType@49a71302
[DEBUG] 2026-10-08 22:43:12.253 [main] BasicTypeRegistry - Adding type registration java.sql.Blob -> org.hibernate.type.BlobType@49a71302
[DEBUG] 2026-10-08 22:43:12.253 [main] BasicTypeRegistry - Adding type registration materialized_blob -> org.hibernate.type.MaterializedBlobType@26e412ef
[DEBUG] 2026-10-08 22:43:12.254 [main] BasicTypeRegistry - Adding type registration clob -> org.hibernate.type.ClobType@6be25526
[DEBUG] 2026-10-08 22:43:12.254 [main] BasicTypeRegistry - Adding type registration java.sql.Clob -> org.hibernate.type.ClobType@6be25526
[DEBUG] 2026-10-08 22:43:12.255 [main] BasicTypeRegistry - Adding type registration nclob -> org.hibernate.type.NClobType@51b1a8f6
[DEBUG] 2026-10-08 22:43:12.255 [main] BasicTypeRegistry - Adding type registration java.sql.NClob -> org.hibernate.type.NClobType@51b1a8f6
[DEBUG] 2026-10-08 22:43:12.255 [main] BasicTypeRegistry - Adding type registration materialized_clob -> org.hibernate.type.MaterializedClobType@178270b2
[DEBUG] 2026-10-08 22:43:12.256 [main] BasicTypeRegistry - Adding type registration materialized_nclob -> org.hibernate.type.MaterializedNClobType@109d724c
[DEBUG] 2026-10-08 22:43:12.257 [main] BasicTypeRegistry - Adding type registration serializable -> org.hibernate.type.SerializableType@99a78d7
[DEBUG] 2026-10-08 22:43:12.260 [main] BasicTypeRegistry - Adding type registration object -> org.hibernate.type.ObjectType@34dc85a
[DEBUG] 2026-10-08 22:43:12.261 [main] BasicTypeRegistry - Adding type registration java.lang.Object -> org.hibernate.type.ObjectType@34dc85a
[DEBUG] 2026-10-08 22:43:12.261 [main] BasicTypeRegistry - Adding type registration imm_date -> org.hibernate.type.AdaptedImmutableType@12f8b1d8
[DEBUG] 2026-10-08 22:43:12.261 [main] BasicTypeRegistry - Adding type registration imm_time -> org.hibernate.type.AdaptedImmutableType@746cd757
[DEBUG] 2026-10-08 22:43:12.261 [main] BasicTypeRegistry - Adding type registration imm_timestamp -> org.hibernate.type.AdaptedImmutableType@ae372b9
[DEBUG] 2026-10-08 22:43:12.261 [main] BasicTypeRegistry - Adding type registration imm_dbtimestamp -> org.hibernate.type.AdaptedImmutableType@2098d37d
[DEBUG] 2026-10-08 22:43:12.261 [main] BasicTypeRegistry - Adding type registration imm_calendar -> org.hibernate.type.AdaptedImmutableType@77b9d0c7
[DEBUG] 2026-10-08 22:43:12.261 [main] BasicTypeRegistry - Adding type registration imm_calendar_date -> org.hibernate.type.AdaptedImmutableType@65fd6708
[DEBUG] 2026-10-08 22:43:12.262 [main] BasicTypeRegistry - Adding type registration imm_binary -> org.hibernate.type.AdaptedImmutableType@749ab7b4
[DEBUG] 2026-10-08 22:43:12.262 [main] BasicTypeRegistry - Adding type registration imm_serializable -> org.hibernate.type.AdaptedImmutableType@127f9161
[DEBUG] 2026-10-08 22:43:12.305 [main] DefaultIdentifierGeneratorFactory - Registering IdentifierGenerator strategy [uuid2] -> [org.hibernate.id.UUIDGenerator]
[DEBUG] 2026-10-08 22:43:12.305 [main] DefaultIdentifierGeneratorFactory - Registering IdentifierGenerator strategy [guid] -> [org.hibernate.id.GUIDGenerator]
[DEBUG] 2026-10-08 22:43:12.306 [main] DefaultIdentifierGeneratorFactory - Registering IdentifierGenerator strategy [uuid] -> [org.hibernate.id.UUIDHexGenerator]
[DEBUG] 2026-10-08 22:43:12.306 [main] DefaultIdentifierGeneratorFactory - Registering IdentifierGenerator strategy [uuid.hex] -> [org.hibernate.id.UUIDHexGenerator]
[DEBUG] 2026-10-08 22:43:12.306 [main] DefaultIdentifierGeneratorFactory - Registering IdentifierGenerator strategy [assigned] -> [org.hibernate.id.Assigned]
[DEBUG] 2026-10-08 22:43:12.307 [main] DefaultIdentifierGeneratorFactory - Registering IdentifierGenerator strategy [identity] -> [org.hibernate.id.IdentityGenerator]
[DEBUG] 2026-10-08 22:43:12.309 [main] DefaultIdentifierGeneratorFactory - Registering IdentifierGenerator strategy [select] -> [org.hibernate.id.SelectGenerator]
[DEBUG] 2026-10-08 22:43:12.310 [main] DefaultIdentifierGeneratorFactory - Registering IdentifierGenerator strategy [sequence] -> [org.hibernate.id.enhanced.SequenceStyleGenerator]
[DEBUG] 2026-10-08 22:43:12.310 [main] DefaultIdentifierGeneratorFactory - Registering IdentifierGenerator strategy [seqhilo] -> [org.hibernate.id.SequenceHiLoGenerator]
[DEBUG] 2026-10-08 22:43:12.311 [main] DefaultIdentifierGeneratorFactory - Registering IdentifierGenerator strategy [increment] -> [org.hibernate.id.IncrementGenerator]
[DEBUG] 2026-10-08 22:43:12.311 [main] DefaultIdentifierGeneratorFactory - Registering IdentifierGenerator strategy [foreign] -> [org.hibernate.id.ForeignGenerator]
[DEBUG] 2026-10-08 22:43:12.311 [main] DefaultIdentifierGeneratorFactory - Registering IdentifierGenerator strategy [sequence-identity] -> [org.hibernate.id.SequenceIdentityGenerator]
[DEBUG] 2026-10-08 22:43:12.311 [main] DefaultIdentifierGeneratorFactory - Registering IdentifierGenerator strategy [enhanced-sequence] -> [org.hibernate.id.enhanced.SequenceStyleGenerator]
[DEBUG] 2026-10-08 22:43:12.312 [main] DefaultIdentifierGeneratorFactory - Registering IdentifierGenerator strategy [enhanced-table] -> [org.hibernate.id.enhanced.TableGenerator]
[WARN ] 2026-10-08 22:43:12.314 [main] ConnectionProviderInitiator - HHH000022: c3p0 properties were encountered, but the c3p0 provider class was not found on the classpath; these properties are going to be ignored.
[WARN ] 2026-10-08 22:43:12.317 [main] pooling - HHH10001002: Using Hibernate built-in connection pool (not for production use!)
[INFO ] 2026-10-08 22:43:12.322 [main] pooling - HHH10001005: using driver [com.mysql.cj.jdbc.Driver] at URL [jdbc:mysql://localhost:3306/german_tracker_test]
[INFO ] 2026-10-08 22:43:12.322 [main] pooling - HHH10001001: Connection properties: {password=student, user=root}
[INFO ] 2026-10-08 22:43:12.322 [main] pooling - HHH10001003: Autocommit mode: false
[DEBUG] 2026-10-08 22:43:12.326 [main] DriverManagerConnectionProviderImpl - Initializing Connection pool with 1 Connections
[INFO ] 2026-10-08 22:43:12.326 [main] DriverManagerConnectionProviderImpl - HHH000115: Hibernate connection pool size: 20 (min=1)
[DEBUG] 2026-10-08 22:43:12.756 [main] JdbcEnvironmentInitiator - Database ->
       name : MySQL
    version : 8.4.11
      major : 8
      minor : 4
[DEBUG] 2026-10-08 22:43:12.756 [main] JdbcEnvironmentInitiator - Driver ->
       name : MySQL Connector/J
    version : mysql-connector-java-8.0.16 (Revision: 34cbc6bc61f72836e26327537a432d6db7c77de6)
      major : 8
      minor : 0
[DEBUG] 2026-10-08 22:43:12.756 [main] JdbcEnvironmentInitiator - JDBC version : 4.2
[INFO ] 2026-10-08 22:43:12.788 [main] Dialect - HHH000400: Using dialect: org.hibernate.dialect.MySQL8Dialect
[DEBUG] 2026-10-08 22:43:12.804 [main] IdentifierHelperBuilder - JDBC driver metadata reported database stores quoted identifiers in more than one case
[DEBUG] 2026-10-08 22:43:12.804 [main] IdentifierHelperBuilder - IdentifierCaseStrategy for both quoted and unquoted identifiers was set to the same strategy [LOWER]; that will likely lead to problems in schema update and validation if using quoted identifiers
[INFO ] 2026-10-08 22:43:12.817 [main] beans - HHH10005002: No explicit CDI BeanManager reference was passed to Hibernate, but CDI is available on the Hibernate ClassLoader.
[DEBUG] 2026-10-08 22:43:12.823 [main] TypeConfiguration$Scope - Scoping TypeConfiguration [org.hibernate.type.spi.TypeConfiguration@1afd72ef] to MetadataBuildingContext [org.hibernate.boot.internal.MetadataBuildingContextRootImpl@2cc75074]
[DEBUG] 2026-10-08 22:43:12.863 [main] Namespace - Created database namespace [logicalName=Name{catalog=null, schema=null}, physicalName=Name{catalog=null, schema=null}]
[DEBUG] 2026-10-08 22:43:12.877 [main] AnnotationBinder - Binding entity from annotated class: fonik.app.entity.User
[DEBUG] 2026-10-08 22:43:12.898 [main] Ejb3Column - Binding column: Ejb3DiscriminatorColumn{logicalColumnName'DTYPE', discriminatorTypeName='string'}
[DEBUG] 2026-10-08 22:43:12.902 [main] EntityBinder - Import with entity name User
[DEBUG] 2026-10-08 22:43:12.905 [main] EntityBinder - Bind entity fonik.app.entity.User on table users
[DEBUG] 2026-10-08 22:43:12.930 [main] Ejb3Column - Binding column: Ejb3Column{table=org.hibernate.mapping.Table(users), mappingColumn=id, insertable=true, updatable=true, unique=false}
[DEBUG] 2026-10-08 22:43:12.932 [main] ClassLoaderAccessImpl - Not known whether passed class name [fonik.app.entity.User] is safe
[DEBUG] 2026-10-08 22:43:12.933 [main] ClassLoaderAccessImpl - No temp ClassLoader provided; using live ClassLoader for loading potentially unsafe class : fonik.app.entity.User
[DEBUG] 2026-10-08 22:43:12.933 [main] PropertyBinder - MetadataSourceProcessor property id with lazy=false
[DEBUG] 2026-10-08 22:43:12.935 [main] AbstractPropertyHolder - Attempting to locate auto-apply AttributeConverter for property [fonik.app.entity.User:id]
[DEBUG] 2026-10-08 22:43:12.937 [main] SimpleValueBinder - building SimpleValue for id
[DEBUG] 2026-10-08 22:43:12.938 [main] PropertyBinder - Building property id
[DEBUG] 2026-10-08 22:43:12.942 [main] BinderHelper - #makeIdGenerator(org.hibernate.mapping.SimpleValue([org.hibernate.mapping.Column(id)]), id, identity, , ...)
[DEBUG] 2026-10-08 22:43:12.942 [main] Ejb3Column - Binding column: Ejb3Column{table=org.hibernate.mapping.Table(users), mappingColumn=email, insertable=true, updatable=true, unique=true}
[DEBUG] 2026-10-08 22:43:12.942 [main] PropertyBinder - MetadataSourceProcessor property email with lazy=false
[DEBUG] 2026-10-08 22:43:12.942 [main] AbstractPropertyHolder - Attempting to locate auto-apply AttributeConverter for property [fonik.app.entity.User:email]
[DEBUG] 2026-10-08 22:43:12.942 [main] SimpleValueBinder - building SimpleValue for email
[DEBUG] 2026-10-08 22:43:12.943 [main] PropertyBinder - Building property email
[DEBUG] 2026-10-08 22:43:12.943 [main] Ejb3Column - Binding column: Ejb3Column{table=org.hibernate.mapping.Table(users), mappingColumn=password, insertable=true, updatable=true, unique=false}
[DEBUG] 2026-10-08 22:43:12.943 [main] PropertyBinder - MetadataSourceProcessor property password with lazy=false
[DEBUG] 2026-10-08 22:43:12.943 [main] AbstractPropertyHolder - Attempting to locate auto-apply AttributeConverter for property [fonik.app.entity.User:password]
[DEBUG] 2026-10-08 22:43:12.943 [main] SimpleValueBinder - building SimpleValue for password
[DEBUG] 2026-10-08 22:43:12.944 [main] PropertyBinder - Building property password
[DEBUG] 2026-10-08 22:43:12.944 [main] Ejb3Column - Binding column: Ejb3Column{table=org.hibernate.mapping.Table(users), mappingColumn=username, insertable=true, updatable=true, unique=true}
[DEBUG] 2026-10-08 22:43:12.944 [main] PropertyBinder - MetadataSourceProcessor property username with lazy=false
[DEBUG] 2026-10-08 22:43:12.944 [main] AbstractPropertyHolder - Attempting to locate auto-apply AttributeConverter for property [fonik.app.entity.User:username]
[DEBUG] 2026-10-08 22:43:12.944 [main] SimpleValueBinder - building SimpleValue for username
[DEBUG] 2026-10-08 22:43:12.944 [main] PropertyBinder - Building property username
[DEBUG] 2026-10-08 22:43:12.945 [main] Ejb3Column - Binding column: Ejb3JoinColumn{logicalColumnName='null', referencedColumn='null', mappedBy='user'}
[DEBUG] 2026-10-08 22:43:12.946 [main] Ejb3Column - Binding column: Ejb3Column{table=org.hibernate.mapping.Table(users), mappingColumn=vocabulary, insertable=true, updatable=true, unique=false}
[DEBUG] 2026-10-08 22:43:12.949 [main] Ejb3Column - Binding column: Ejb3Column{table=org.hibernate.mapping.Table(users), mappingColumn=null, insertable=true, updatable=true, unique=false}
[DEBUG] 2026-10-08 22:43:12.957 [main] Ejb3Column - Binding column: Ejb3Column{table=org.hibernate.mapping.Table(users), mappingColumn=element, insertable=true, updatable=true, unique=false}
[DEBUG] 2026-10-08 22:43:12.957 [main] Ejb3Column - Binding column: Ejb3Column{table=org.hibernate.mapping.Table(users), mappingColumn=vocabulary_KEY, insertable=true, updatable=true, unique=false}
[DEBUG] 2026-10-08 22:43:12.958 [main] Ejb3Column - Binding column: Ejb3JoinColumn{logicalColumnName='vocabulary_KEY', referencedColumn='null', mappedBy='null'}
[DEBUG] 2026-10-08 22:43:12.959 [main] Ejb3Column - Binding column: Ejb3JoinColumn{logicalColumnName='null', referencedColumn='null', mappedBy='user'}
[DEBUG] 2026-10-08 22:43:12.959 [main] Ejb3Column - Binding column: Ejb3JoinColumn{logicalColumnName='null', referencedColumn='null', mappedBy='user'}
[DEBUG] 2026-10-08 22:43:12.959 [main] CollectionBinder - Collection role: fonik.app.entity.User.vocabulary
[DEBUG] 2026-10-08 22:43:12.962 [main] PropertyBinder - Building property vocabulary
[DEBUG] 2026-10-08 22:43:12.967 [main] AnnotationBinder - Binding entity from annotated class: fonik.app.entity.Vocabulary
[DEBUG] 2026-10-08 22:43:12.968 [main] Ejb3Column - Binding column: Ejb3DiscriminatorColumn{logicalColumnName'DTYPE', discriminatorTypeName='string'}
[DEBUG] 2026-10-08 22:43:12.968 [main] EntityBinder - Import with entity name Vocabulary
[DEBUG] 2026-10-08 22:43:12.968 [main] EntityBinder - Bind entity fonik.app.entity.Vocabulary on table vocabulary
[DEBUG] 2026-10-08 22:43:12.972 [main] Ejb3Column - Binding column: Ejb3Column{table=org.hibernate.mapping.Table(vocabulary), mappingColumn=id, insertable=true, updatable=true, unique=false}
[DEBUG] 2026-10-08 22:43:12.972 [main] ClassLoaderAccessImpl - Not known whether passed class name [fonik.app.entity.Vocabulary] is safe
[DEBUG] 2026-10-08 22:43:12.972 [main] ClassLoaderAccessImpl - No temp ClassLoader provided; using live ClassLoader for loading potentially unsafe class : fonik.app.entity.Vocabulary
[DEBUG] 2026-10-08 22:43:12.972 [main] PropertyBinder - MetadataSourceProcessor property id with lazy=false
[DEBUG] 2026-10-08 22:43:12.972 [main] AbstractPropertyHolder - Attempting to locate auto-apply AttributeConverter for property [fonik.app.entity.Vocabulary:id]
[DEBUG] 2026-10-08 22:43:12.972 [main] SimpleValueBinder - building SimpleValue for id
[DEBUG] 2026-10-08 22:43:12.972 [main] PropertyBinder - Building property id
[DEBUG] 2026-10-08 22:43:12.972 [main] BinderHelper - #makeIdGenerator(org.hibernate.mapping.SimpleValue([org.hibernate.mapping.Column(id)]), id, identity, , ...)
[DEBUG] 2026-10-08 22:43:12.973 [main] Ejb3Column - Binding column: Ejb3Column{table=org.hibernate.mapping.Table(vocabulary), mappingColumn=article, insertable=true, updatable=true, unique=false}
[DEBUG] 2026-10-08 22:43:12.973 [main] PropertyBinder - MetadataSourceProcessor property article with lazy=false
[DEBUG] 2026-10-08 22:43:12.973 [main] AbstractPropertyHolder - Attempting to locate auto-apply AttributeConverter for property [fonik.app.entity.Vocabulary:article]
[DEBUG] 2026-10-08 22:43:12.973 [main] SimpleValueBinder - building SimpleValue for article
[DEBUG] 2026-10-08 22:43:12.973 [main] PropertyBinder - Building property article
[DEBUG] 2026-10-08 22:43:12.973 [main] Ejb3Column - Binding column: Ejb3Column{table=org.hibernate.mapping.Table(vocabulary), mappingColumn=english_meaning, insertable=true, updatable=true, unique=false}
[DEBUG] 2026-10-08 22:43:12.973 [main] PropertyBinder - MetadataSourceProcessor property englishMeaning with lazy=false
[DEBUG] 2026-10-08 22:43:12.973 [main] AbstractPropertyHolder - Attempting to locate auto-apply AttributeConverter for property [fonik.app.entity.Vocabulary:englishMeaning]
[DEBUG] 2026-10-08 22:43:12.973 [main] SimpleValueBinder - building SimpleValue for englishMeaning
[DEBUG] 2026-10-08 22:43:12.973 [main] PropertyBinder - Building property englishMeaning
[DEBUG] 2026-10-08 22:43:12.973 [main] Ejb3Column - Binding column: Ejb3Column{table=org.hibernate.mapping.Table(vocabulary), mappingColumn=german_word, insertable=true, updatable=true, unique=false}
[DEBUG] 2026-10-08 22:43:12.974 [main] PropertyBinder - MetadataSourceProcessor property germanWord with lazy=false
[DEBUG] 2026-10-08 22:43:12.974 [main] AbstractPropertyHolder - Attempting to locate auto-apply AttributeConverter for property [fonik.app.entity.Vocabulary:germanWord]
[DEBUG] 2026-10-08 22:43:12.974 [main] SimpleValueBinder - building SimpleValue for germanWord
[DEBUG] 2026-10-08 22:43:12.974 [main] PropertyBinder - Building property germanWord
[DEBUG] 2026-10-08 22:43:12.974 [main] Ejb3Column - Binding column: Ejb3Column{table=org.hibernate.mapping.Table(vocabulary), mappingColumn=plural, insertable=true, updatable=true, unique=false}
[DEBUG] 2026-10-08 22:43:12.974 [main] PropertyBinder - MetadataSourceProcessor property plural with lazy=false
[DEBUG] 2026-10-08 22:43:12.974 [main] AbstractPropertyHolder - Attempting to locate auto-apply AttributeConverter for property [fonik.app.entity.Vocabulary:plural]
[DEBUG] 2026-10-08 22:43:12.974 [main] SimpleValueBinder - building SimpleValue for plural
[DEBUG] 2026-10-08 22:43:12.974 [main] PropertyBinder - Building property plural
[DEBUG] 2026-10-08 22:43:12.974 [main] Ejb3Column - Binding column: Ejb3JoinColumn{logicalColumnName='user_id', referencedColumn='', mappedBy=''}
[DEBUG] 2026-10-08 22:43:12.974 [main] Ejb3Column - Binding column: Ejb3Column{table=org.hibernate.mapping.Table(vocabulary), mappingColumn=user, insertable=true, updatable=true, unique=false}
[DEBUG] 2026-10-08 22:43:12.975 [main] PropertyBinder - Building property user
[DEBUG] 2026-10-08 22:43:12.977 [main] SimpleValueBinder - Starting fillSimpleValue for id
[DEBUG] 2026-10-08 22:43:12.977 [main] SimpleValueBinder - Starting fillSimpleValue for email
[DEBUG] 2026-10-08 22:43:12.977 [main] SimpleValueBinder - Starting fillSimpleValue for password
[DEBUG] 2026-10-08 22:43:12.977 [main] SimpleValueBinder - Starting fillSimpleValue for username
[DEBUG] 2026-10-08 22:43:12.977 [main] SimpleValueBinder - Starting fillSimpleValue for id
[DEBUG] 2026-10-08 22:43:12.977 [main] SimpleValueBinder - Starting fillSimpleValue for article
[DEBUG] 2026-10-08 22:43:12.978 [main] SimpleValueBinder - Starting fillSimpleValue for englishMeaning
[DEBUG] 2026-10-08 22:43:12.978 [main] SimpleValueBinder - Starting fillSimpleValue for germanWord
[DEBUG] 2026-10-08 22:43:12.978 [main] SimpleValueBinder - Starting fillSimpleValue for plural
[DEBUG] 2026-10-08 22:43:12.984 [main] PrimaryKey - Forcing column [id] to be non-null as it is part of the primary key for table [users]
[DEBUG] 2026-10-08 22:43:12.984 [main] PrimaryKey - Forcing column [id] to be non-null as it is part of the primary key for table [vocabulary]
[DEBUG] 2026-10-08 22:43:12.984 [main] CollectionSecondPass - Second pass for collection: fonik.app.entity.User.vocabulary
[DEBUG] 2026-10-08 22:43:12.984 [main] CollectionBinder - Binding a OneToMany: fonik.app.entity.User.vocabulary through a foreign key
[DEBUG] 2026-10-08 22:43:12.984 [main] CollectionBinder - Mapping collection: fonik.app.entity.User.vocabulary -> vocabulary
[DEBUG] 2026-10-08 22:43:12.986 [main] TableBinder - Retrieving property fonik.app.entity.Vocabulary.user
[DEBUG] 2026-10-08 22:43:12.986 [main] CollectionSecondPass - Mapped collection key: user_id, one-to-many: fonik.app.entity.Vocabulary
[DEBUG] 2026-10-08 22:43:12.987 [main] InFlightMetadataCollectorImpl - Resolving reference to class: fonik.app.entity.User
[DEBUG] 2026-10-08 22:43:12.990 [main] InFlightMetadataCollectorImpl - Resolving reference to class: fonik.app.entity.User
[DEBUG] 2026-10-08 22:43:13.024 [main] SessionFactoryImpl - Building session factory
[DEBUG] 2026-10-08 22:43:13.024 [main] Settings - SessionFactory name : null
[DEBUG] 2026-10-08 22:43:13.026 [main] Settings - Automatic flush during beforeCompletion(): enabled
[DEBUG] 2026-10-08 22:43:13.026 [main] Settings - Automatic session close at end of transaction: disabled
[DEBUG] 2026-10-08 22:43:13.026 [main] Settings - Statistics: disabled
[DEBUG] 2026-10-08 22:43:13.026 [main] Settings - Deleted entity synthetic identifier rollback: disabled
[DEBUG] 2026-10-08 22:43:13.026 [main] Settings - Default entity-mode: pojo
[DEBUG] 2026-10-08 22:43:13.026 [main] Settings - Check Nullability in Core (should be disabled when Bean Validation is on): enabled
[DEBUG] 2026-10-08 22:43:13.026 [main] Settings - Allow initialization of lazy state outside session : disabled
[DEBUG] 2026-10-08 22:43:13.026 [main] Settings - Using BatchFetchStyle : LEGACY
[DEBUG] 2026-10-08 22:43:13.026 [main] Settings - Default batch fetch size: -1
[DEBUG] 2026-10-08 22:43:13.026 [main] Settings - Maximum outer join fetch depth: 2
[DEBUG] 2026-10-08 22:43:13.026 [main] Settings - Default null ordering: NONE
[DEBUG] 2026-10-08 22:43:13.026 [main] Settings - Order SQL updates by primary key: disabled
[DEBUG] 2026-10-08 22:43:13.026 [main] Settings - Order SQL inserts for batching: disabled
[DEBUG] 2026-10-08 22:43:13.026 [main] Settings - multi-tenancy strategy : NONE
[DEBUG] 2026-10-08 22:43:13.026 [main] Settings - JTA Track by Thread: enabled
[DEBUG] 2026-10-08 22:43:13.026 [main] Settings - Query language substitutions: {}
[DEBUG] 2026-10-08 22:43:13.026 [main] Settings - Named query checking : enabled
[DEBUG] 2026-10-08 22:43:13.027 [main] Settings - Second-level cache: disabled
[DEBUG] 2026-10-08 22:43:13.027 [main] Settings - Second-level query cache: disabled
[DEBUG] 2026-10-08 22:43:13.027 [main] Settings - Second-level query cache factory: null
[DEBUG] 2026-10-08 22:43:13.027 [main] Settings - Second-level cache region prefix: null
[DEBUG] 2026-10-08 22:43:13.027 [main] Settings - Optimize second-level cache for minimal puts: disabled
[DEBUG] 2026-10-08 22:43:13.027 [main] Settings - Structured second-level cache entries: disabled
[DEBUG] 2026-10-08 22:43:13.027 [main] Settings - Second-level cache direct-reference entries: disabled
[DEBUG] 2026-10-08 22:43:13.027 [main] Settings - Automatic eviction of collection cache: disabled
[DEBUG] 2026-10-08 22:43:13.027 [main] Settings - JDBC batch size: 15
[DEBUG] 2026-10-08 22:43:13.027 [main] Settings - JDBC batch updates for versioned data: enabled
[DEBUG] 2026-10-08 22:43:13.027 [main] Settings - Scrollable result sets: enabled
[DEBUG] 2026-10-08 22:43:13.027 [main] Settings - Wrap result sets: disabled
[DEBUG] 2026-10-08 22:43:13.027 [main] Settings - JDBC3 getGeneratedKeys(): enabled
[DEBUG] 2026-10-08 22:43:13.027 [main] Settings - JDBC result set fetch size: null
[DEBUG] 2026-10-08 22:43:13.027 [main] Settings - Connection release mode: AFTER_TRANSACTION
[DEBUG] 2026-10-08 22:43:13.027 [main] Settings - Generate SQL with comments: disabled
[DEBUG] 2026-10-08 22:43:13.027 [main] Settings - JPA compliance - query : disabled
[DEBUG] 2026-10-08 22:43:13.027 [main] Settings - JPA compliance - closed-handling : disabled
[DEBUG] 2026-10-08 22:43:13.027 [main] Settings - JPA compliance - lists : disabled
[DEBUG] 2026-10-08 22:43:13.028 [main] Settings - JPA compliance - transactions : disabled
[DEBUG] 2026-10-08 22:43:13.086 [main] SessionFactoryServiceRegistryImpl - EventListenerRegistry access via ServiceRegistry is deprecated.  Use `sessionFactory.getEventEngine().getListenerRegistry()` instead
[DEBUG] 2026-10-08 22:43:13.087 [main] SessionFactoryServiceRegistryImpl - EventListenerRegistry access via ServiceRegistry is deprecated.  Use `sessionFactory.getEventEngine().getListenerRegistry()` instead
[DEBUG] 2026-10-08 22:43:13.100 [main] SessionFactoryImpl - Session factory constructed with filter configurations : {}
[DEBUG] 2026-10-08 22:43:13.100 [main] SessionFactoryImpl - Instantiating session factory with properties: {sun.desktop=windows, awt.toolkit=sun.awt.windows.WToolkit, java.specification.version=11, sun.cpu.isalist=amd64, hibernate.c3p0.idle_test_period=3000, sun.jnu.encoding=Cp1252, hibernate.c3p0.min_size=5, java.class.path=C:\Users\egaritaluis\IdeaProjects\GermanApp\target\test-classes;C:\Users\egaritaluis\IdeaProjects\GermanApp\target\classes;C:\Users\egaritaluis\.m2\repository\org\hibernate\hibernate-core\5.6.15.Final\hibernate-core-5.6.15.Final.jar;C:\Users\egaritaluis\.m2\repository\org\jboss\logging\jboss-logging\3.4.3.Final\jboss-logging-3.4.3.Final.jar;C:\Users\egaritaluis\.m2\repository\javax\persistence\javax.persistence-api\2.2\javax.persistence-api-2.2.jar;C:\Users\egaritaluis\.m2\repository\net\bytebuddy\byte-buddy\1.12.18\byte-buddy-1.12.18.jar;C:\Users\egaritaluis\.m2\repository\antlr\antlr\2.7.7\antlr-2.7.7.jar;C:\Users\egaritaluis\.m2\repository\org\jboss\spec\javax\transaction\jboss-transaction-api_1.2_spec\1.1.1.Final\jboss-transaction-api_1.2_spec-1.1.1.Final.jar;C:\Users\egaritaluis\.m2\repository\org\jboss\jandex\2.4.2.Final\jandex-2.4.2.Final.jar;C:\Users\egaritaluis\.m2\repository\com\fasterxml\classmate\1.5.1\classmate-1.5.1.jar;C:\Users\egaritaluis\.m2\repository\javax\activation\javax.activation-api\1.2.0\javax.activation-api-1.2.0.jar;C:\Users\egaritaluis\.m2\repository\org\hibernate\common\hibernate-commons-annotations\5.1.2.Final\hibernate-commons-annotations-5.1.2.Final.jar;C:\Users\egaritaluis\.m2\repository\javax\xml\bind\jaxb-api\2.3.1\jaxb-api-2.3.1.jar;C:\Users\egaritaluis\.m2\repository\org\glassfish\jaxb\jaxb-runtime\2.3.1\jaxb-runtime-2.3.1.jar;C:\Users\egaritaluis\.m2\repository\org\glassfish\jaxb\txw2\2.3.1\txw2-2.3.1.jar;C:\Users\egaritaluis\.m2\repository\com\sun\istack\istack-commons-runtime\3.0.7\istack-commons-runtime-3.0.7.jar;C:\Users\egaritaluis\.m2\repository\org\jvnet\staxex\stax-ex\1.8\stax-ex-1.8.jar;C:\Users\egaritaluis\.m2\repository\com\sun\xml\fastinfoset\FastInfoset\1.2.15\FastInfoset-1.2.15.jar;C:\Users\egaritaluis\.m2\repository\org\junit\platform\junit-platform-runner\1.0.0\junit-platform-runner-1.0.0.jar;C:\Users\egaritaluis\.m2\repository\org\apiguardian\apiguardian-api\1.0.0\apiguardian-api-1.0.0.jar;C:\Users\egaritaluis\.m2\repository\org\junit\platform\junit-platform-launcher\1.0.0\junit-platform-launcher-1.0.0.jar;C:\Users\egaritaluis\.m2\repository\org\junit\platform\junit-platform-suite-api\1.0.0\junit-platform-suite-api-1.0.0.jar;C:\Users\egaritaluis\.m2\repository\org\junit\platform\junit-platform-commons\1.0.0\junit-platform-commons-1.0.0.jar;C:\Users\egaritaluis\.m2\repository\org\junit\vintage\junit-vintage-engine\4.12.0\junit-vintage-engine-4.12.0.jar;C:\Users\egaritaluis\.m2\repository\org\junit\platform\junit-platform-engine\1.0.0\junit-platform-engine-1.0.0.jar;C:\Users\egaritaluis\.m2\repository\org\opentest4j\opentest4j\1.0.0\opentest4j-1.0.0.jar;C:\Users\egaritaluis\.m2\repository\org\junit\jupiter\junit-jupiter-engine\5.0.0\junit-jupiter-engine-5.0.0.jar;C:\Users\egaritaluis\.m2\repository\org\junit\jupiter\junit-jupiter-api\5.0.0\junit-jupiter-api-5.0.0.jar;C:\Users\egaritaluis\.m2\repository\junit\junit\4.12\junit-4.12.jar;C:\Users\egaritaluis\.m2\repository\org\hamcrest\hamcrest-core\1.3\hamcrest-core-1.3.jar;C:\Users\egaritaluis\.m2\repository\javax\javaee-web-api\7.0\javaee-web-api-7.0.jar;C:\Users\egaritaluis\.m2\repository\mysql\mysql-connector-java\8.0.16\mysql-connector-java-8.0.16.jar;C:\Users\egaritaluis\.m2\repository\com\google\protobuf\protobuf-java\3.6.1\protobuf-java-3.6.1.jar;C:\Users\egaritaluis\.m2\repository\jstl\jstl\1.2\jstl-1.2.jar;C:\Users\egaritaluis\.m2\repository\org\apache\logging\log4j\log4j-api\2.10.0\log4j-api-2.10.0.jar;C:\Users\egaritaluis\.m2\repository\org\apache\logging\log4j\log4j-core\2.10.0\log4j-core-2.10.0.jar;, java.vm.vendor=Microsoft, sun.arch.data.model=64, user.variant=, java.vendor.url=https://www.microsoft.com, user.timezone=America/Chicago, os.name=Windows 11, java.vm.specification.version=11, sun.java.launcher=SUN_STANDARD, user.country=US, sun.boot.library.path=C:\Program Files\Microsoft\jdk-11.0.32.101-hotspot\bin, sun.java.command=C:\Users\egaritaluis\IdeaProjects\GermanApp\target\surefire\surefirebooter6814915053949627.jar C:\Users\egaritaluis\IdeaProjects\GermanApp\target\surefire\surefire10184808884708459550tmp C:\Users\egaritaluis\IdeaProjects\GermanApp\target\surefire\surefire_03792906723205584291tmp, jdk.debug=release, surefire.test.class.path=C:\Users\egaritaluis\IdeaProjects\GermanApp\target\test-classes;C:\Users\egaritaluis\IdeaProjects\GermanApp\target\classes;C:\Users\egaritaluis\.m2\repository\org\hibernate\hibernate-core\5.6.15.Final\hibernate-core-5.6.15.Final.jar;C:\Users\egaritaluis\.m2\repository\org\jboss\logging\jboss-logging\3.4.3.Final\jboss-logging-3.4.3.Final.jar;C:\Users\egaritaluis\.m2\repository\javax\persistence\javax.persistence-api\2.2\javax.persistence-api-2.2.jar;C:\Users\egaritaluis\.m2\repository\net\bytebuddy\byte-buddy\1.12.18\byte-buddy-1.12.18.jar;C:\Users\egaritaluis\.m2\repository\antlr\antlr\2.7.7\antlr-2.7.7.jar;C:\Users\egaritaluis\.m2\repository\org\jboss\spec\javax\transaction\jboss-transaction-api_1.2_spec\1.1.1.Final\jboss-transaction-api_1.2_spec-1.1.1.Final.jar;C:\Users\egaritaluis\.m2\repository\org\jboss\jandex\2.4.2.Final\jandex-2.4.2.Final.jar;C:\Users\egaritaluis\.m2\repository\com\fasterxml\classmate\1.5.1\classmate-1.5.1.jar;C:\Users\egaritaluis\.m2\repository\javax\activation\javax.activation-api\1.2.0\javax.activation-api-1.2.0.jar;C:\Users\egaritaluis\.m2\repository\org\hibernate\common\hibernate-commons-annotations\5.1.2.Final\hibernate-commons-annotations-5.1.2.Final.jar;C:\Users\egaritaluis\.m2\repository\javax\xml\bind\jaxb-api\2.3.1\jaxb-api-2.3.1.jar;C:\Users\egaritaluis\.m2\repository\org\glassfish\jaxb\jaxb-runtime\2.3.1\jaxb-runtime-2.3.1.jar;C:\Users\egaritaluis\.m2\repository\org\glassfish\jaxb\txw2\2.3.1\txw2-2.3.1.jar;C:\Users\egaritaluis\.m2\repository\com\sun\istack\istack-commons-runtime\3.0.7\istack-commons-runtime-3.0.7.jar;C:\Users\egaritaluis\.m2\repository\org\jvnet\staxex\stax-ex\1.8\stax-ex-1.8.jar;C:\Users\egaritaluis\.m2\repository\com\sun\xml\fastinfoset\FastInfoset\1.2.15\FastInfoset-1.2.15.jar;C:\Users\egaritaluis\.m2\repository\org\junit\platform\junit-platform-runner\1.0.0\junit-platform-runner-1.0.0.jar;C:\Users\egaritaluis\.m2\repository\org\apiguardian\apiguardian-api\1.0.0\apiguardian-api-1.0.0.jar;C:\Users\egaritaluis\.m2\repository\org\junit\platform\junit-platform-launcher\1.0.0\junit-platform-launcher-1.0.0.jar;C:\Users\egaritaluis\.m2\repository\org\junit\platform\junit-platform-suite-api\1.0.0\junit-platform-suite-api-1.0.0.jar;C:\Users\egaritaluis\.m2\repository\org\junit\platform\junit-platform-commons\1.0.0\junit-platform-commons-1.0.0.jar;C:\Users\egaritaluis\.m2\repository\org\junit\vintage\junit-vintage-engine\4.12.0\junit-vintage-engine-4.12.0.jar;C:\Users\egaritaluis\.m2\repository\org\junit\platform\junit-platform-engine\1.0.0\junit-platform-engine-1.0.0.jar;C:\Users\egaritaluis\.m2\repository\org\opentest4j\opentest4j\1.0.0\opentest4j-1.0.0.jar;C:\Users\egaritaluis\.m2\repository\org\junit\jupiter\junit-jupiter-engine\5.0.0\junit-jupiter-engine-5.0.0.jar;C:\Users\egaritaluis\.m2\repository\org\junit\jupiter\junit-jupiter-api\5.0.0\junit-jupiter-api-5.0.0.jar;C:\Users\egaritaluis\.m2\repository\junit\junit\4.12\junit-4.12.jar;C:\Users\egaritaluis\.m2\repository\org\hamcrest\hamcrest-core\1.3\hamcrest-core-1.3.jar;C:\Users\egaritaluis\.m2\repository\javax\javaee-web-api\7.0\javaee-web-api-7.0.jar;C:\Users\egaritaluis\.m2\repository\mysql\mysql-connector-java\8.0.16\mysql-connector-java-8.0.16.jar;C:\Users\egaritaluis\.m2\repository\com\google\protobuf\protobuf-java\3.6.1\protobuf-java-3.6.1.jar;C:\Users\egaritaluis\.m2\repository\jstl\jstl\1.2\jstl-1.2.jar;C:\Users\egaritaluis\.m2\repository\org\apache\logging\log4j\log4j-api\2.10.0\log4j-api-2.10.0.jar;C:\Users\egaritaluis\.m2\repository\org\apache\logging\log4j\log4j-core\2.10.0\log4j-core-2.10.0.jar;, sun.cpu.endian=little, user.home=C:\Users\egaritaluis, hibernate.c3p0.max_statements=50, user.language=en, java.specification.vendor=Oracle Corporation, java.version.date=2026-08-18, java.home=C:\Program Files\Microsoft\jdk-11.0.32.101-hotspot, file.separator=\, basedir=C:\Users\egaritaluis\IdeaProjects\GermanApp, style.color=always, java.vm.compressedOopsMode=Zero based, line.separator=
, hibernate.c3p0.timeout=300, java.specification.name=Java Platform API Specification, java.vm.specification.vendor=Oracle Corporation, java.awt.graphicsenv=sun.awt.Win32GraphicsEnvironment, surefire.real.class.path=C:\Users\egaritaluis\IdeaProjects\GermanApp\target\surefire\surefirebooter6814915053949627.jar, user.script=, connection.password=student, sun.management.compiler=HotSpot 64-Bit Tiered Compilers, hibernate.c3p0.max_size=20, java.runtime.version=11.0.32.1+1-LTS, user.name=egaritaluis, path.separator=;, hibernate.connection.username=****, os.version=10.0, java.runtime.name=OpenJDK Runtime Environment, hibernate.connection.url=jdbc:mysql://localhost:3306/german_tracker_test, file.encoding=Cp1252, java.vm.name=OpenJDK 64-Bit Server VM, java.vendor.version=Microsoft-14930745, maven.ext.class.path=C:\IDE\IntelliJ_IDEA\plugins\maven\lib\intellij.maven.rt\maven-event-listener.jar, localRepository=C:\Users\egaritaluis\.m2\repository, hibernate.connection.driver_class=com.mysql.cj.jdbc.Driver, java.vendor.url.bug=https://github.com/microsoft/openjdk/issues, java.io.tmpdir=C:\Users\EGARIT~1\AppData\Local\Temp\, idea.version=2026.1.5, java.version=11.0.32.1, user.dir=C:\Users\egaritaluis\IdeaProjects\GermanApp, os.arch=amd64, connection.username=root, jansi.passthrough=true, java.vm.specification.name=Java Virtual Machine Specification, java.awt.printerjob=sun.awt.windows.WPrinterJob, hibernate.connection.password=****, sun.os.patch.level=, connection.driver_class=com.mysql.cj.jdbc.Driver, hibernate.boot.CfgXmlAccessService.key=org.hibernate.boot.cfgxml.spi.LoadedConfig@405b6d75, java.library.path=C:\Program Files\Microsoft\jdk-11.0.32.101-hotspot\bin;C:\WINDOWS\Sun\Java\bin;C:\WINDOWS\system32;C:\WINDOWS;C:\Program Files\Common Files\Oracle\Java\javapath;C:\Program Files\Microsoft\jdk-11.0.32.101-hotspot\bin;C:\WINDOWS\system32;C:\WINDOWS;C:\WINDOWS\System32\Wbem;C:\WINDOWS\System32\WindowsPowerShell\v1.0\;C:\WINDOWS\System32\OpenSSH\;C:\WINDOWS\CCM;C:\Program Files\dotnet\;C:\WINDOWS\CCM;C:\Program Files\nodejs\;C:\Program Files\Microsoft VS Code\bin;C:\Program Files\KeePassXC\;C:\Program Files\PuTTY\;C:\Program Files\Git\cmd;C:\Program Files\Amazon\AWSCLIV2\;C:\Users\egaritaluis\AppData\Local\Microsoft\WindowsApps;C:\Users\egaritaluis\AppData\Local\Programs\Git\cmd;., java.vendor=Microsoft, java.vm.info=mixed mode, sharing, java.vm.version=11.0.32.1+1-LTS, java.specification.maintenance.version=3, hibernate.bytecode.use_reflection_optimizer=false, sun.io.unicode.encoding=UnicodeLittle, maven.repo.local=C:\Users\egaritaluis\.m2\repository, connection.url=jdbc:mysql://localhost:3306/german_tracker_test, java.class.version=55.0}
[DEBUG] 2026-10-08 22:43:13.118 [main] TypeSafeActivator - Unable to acquire Bean Validation ValidatorFactory, skipping activation
[DEBUG] 2026-10-08 22:43:13.118 [main] JaccIntegrator - Skipping JACC integration as it was not enabled
[DEBUG] 2026-10-08 22:43:13.119 [main] SessionFactoryImpl - Instantiated session factory
[DEBUG] 2026-10-08 22:43:13.119 [main] TypeConfiguration$Scope - Scoping TypeConfiguration [org.hibernate.type.spi.TypeConfiguration@1afd72ef] to SessionFactoryImpl [org.hibernate.internal.SessionFactoryImpl@a9c5b75]
[DEBUG] 2026-10-08 22:43:13.192 [main] interceptor - To-one property `fonik.app.entity.Vocabulary#user` was mapped with LAZY + NO_PROXY but the class was not enhanced
[DEBUG] 2026-10-08 22:43:13.194 [main] interceptor - To-one property `fonik.app.entity.Vocabulary#user` was mapped with LAZY + NO_PROXY but the class was not enhanced
[DEBUG] 2026-10-08 22:43:13.195 [main] ClassLoaderAccessImpl - Not known whether passed class name [fonik.app.entity.Vocabulary] is safe
[DEBUG] 2026-10-08 22:43:13.195 [main] ClassLoaderAccessImpl - No temp ClassLoader provided; using live ClassLoader for loading potentially unsafe class : fonik.app.entity.Vocabulary
[DEBUG] 2026-10-08 22:43:13.416 [main] interceptor - To-one property `fonik.app.entity.Vocabulary#user` was mapped with LAZY + NO_PROXY but the class was not enhanced
[DEBUG] 2026-10-08 22:43:13.417 [main] interceptor - To-one property `fonik.app.entity.Vocabulary#user` was mapped with LAZY + NO_PROXY but the class was not enhanced
[DEBUG] 2026-10-08 22:43:13.422 [main] ClassLoaderAccessImpl - Not known whether passed class name [fonik.app.entity.User] is safe
[DEBUG] 2026-10-08 22:43:13.422 [main] ClassLoaderAccessImpl - No temp ClassLoader provided; using live ClassLoader for loading potentially unsafe class : fonik.app.entity.User
[DEBUG] 2026-10-08 22:43:13.447 [main] AbstractCollectionPersister - Static SQL for collection: fonik.app.entity.User.vocabulary
[DEBUG] 2026-10-08 22:43:13.447 [main] AbstractCollectionPersister -  Row insert: update vocabulary set user_id=? where id=?
[DEBUG] 2026-10-08 22:43:13.447 [main] AbstractCollectionPersister -  Row update: update vocabulary set  where id=?
[DEBUG] 2026-10-08 22:43:13.447 [main] AbstractCollectionPersister -  Row delete: update vocabulary set user_id=null where user_id=? and id=?
[DEBUG] 2026-10-08 22:43:13.447 [main] AbstractCollectionPersister -  One-shot delete: update vocabulary set user_id=null where user_id=?
[DEBUG] 2026-10-08 22:43:13.451 [main] AbstractEntityPersister - Static SQL for entity: fonik.app.entity.Vocabulary
[DEBUG] 2026-10-08 22:43:13.451 [main] AbstractEntityPersister -  Version select: select id from vocabulary where id =?
[DEBUG] 2026-10-08 22:43:13.452 [main] AbstractEntityPersister -  Snapshot select: select vocabulary_.id, vocabulary_.article as article2_1_, vocabulary_.english_meaning as english_3_1_, vocabulary_.german_word as german_w4_1_, vocabulary_.plural as plural5_1_, vocabulary_.user_id as user_id6_1_ from vocabulary vocabulary_ where vocabulary_.id=?
[DEBUG] 2026-10-08 22:43:13.452 [main] AbstractEntityPersister -  Insert 0: insert into vocabulary (article, english_meaning, german_word, plural, user_id, id) values (?, ?, ?, ?, ?, ?)
[DEBUG] 2026-10-08 22:43:13.452 [main] AbstractEntityPersister -  Update 0: update vocabulary set article=?, english_meaning=?, german_word=?, plural=?, user_id=? where id=?
[DEBUG] 2026-10-08 22:43:13.452 [main] AbstractEntityPersister -  Delete 0: delete from vocabulary where id=?
[DEBUG] 2026-10-08 22:43:13.452 [main] AbstractEntityPersister -  Identity insert: insert into vocabulary (article, english_meaning, german_word, plural, user_id) values (?, ?, ?, ?, ?)
[DEBUG] 2026-10-08 22:43:13.472 [main] QuerySpacesImpl - Adding QuerySpace : uid = <gen:0> -> org.hibernate.loader.plan.build.internal.spaces.EntityQuerySpaceImpl@7ab2a07e]
[DEBUG] 2026-10-08 22:43:13.473 [main] MetamodelGraphWalker - Visiting attribute path : article
[DEBUG] 2026-10-08 22:43:13.473 [main] MetamodelGraphWalker - Visiting attribute path : englishMeaning
[DEBUG] 2026-10-08 22:43:13.473 [main] MetamodelGraphWalker - Visiting attribute path : germanWord
[DEBUG] 2026-10-08 22:43:13.473 [main] MetamodelGraphWalker - Visiting attribute path : plural
[DEBUG] 2026-10-08 22:43:13.473 [main] MetamodelGraphWalker - Visiting attribute path : user
[DEBUG] 2026-10-08 22:43:13.481 [main] QuerySpacesImpl - Adding QuerySpace : uid = <gen:1> -> org.hibernate.loader.plan.build.internal.spaces.EntityQuerySpaceImpl@764a3e5d]
[DEBUG] 2026-10-08 22:43:13.485 [main] MetamodelGraphWalker - Visiting attribute path : user.email
[DEBUG] 2026-10-08 22:43:13.485 [main] MetamodelGraphWalker - Visiting attribute path : user.password
[DEBUG] 2026-10-08 22:43:13.486 [main] MetamodelGraphWalker - Visiting attribute path : user.username
[DEBUG] 2026-10-08 22:43:13.486 [main] MetamodelGraphWalker - Visiting attribute path : user.vocabulary
[DEBUG] 2026-10-08 22:43:13.486 [main] MetamodelGraphWalker - Property path deemed to be circular : user.vocabulary
[DEBUG] 2026-10-08 22:43:13.487 [main] FetchStyleLoadPlanBuildingAssociationVisitationStrategy - Building LoadPlan...
[DEBUG] 2026-10-08 22:43:13.511 [main] LoadQueryJoinAndFetchProcessor - processing queryspace <gen:0>
[DEBUG] 2026-10-08 22:43:13.521 [main] LoadPlanTreePrinter - LoadPlan(entity=fonik.app.entity.Vocabulary)
    - Returns
       - EntityReturnImpl(entity=fonik.app.entity.Vocabulary, querySpaceUid=<gen:0>, path=fonik.app.entity.Vocabulary)
          - EntityAttributeFetchImpl(entity=fonik.app.entity.User, querySpaceUid=<gen:1>, path=fonik.app.entity.Vocabulary.user)
    - QuerySpaces
       - EntityQuerySpaceImpl(uid=<gen:0>, entity=fonik.app.entity.Vocabulary)
          - SQL table alias mapping - vocabulary0_
          - alias suffix - 0_
          - suffixed key columns - {id1_1_0_}
          - JOIN (JoinDefinedByMetadata(user)) : <gen:0> -> <gen:1>
             - EntityQuerySpaceImpl(uid=<gen:1>, entity=fonik.app.entity.User)
                - SQL table alias mapping - user1_
                - alias suffix - 1_
                - suffixed key columns - {id1_0_1_}

[DEBUG] 2026-10-08 22:43:13.524 [main] EntityLoader - Static select for entity fonik.app.entity.Vocabulary [NONE]: select vocabulary0_.id as id1_1_0_, vocabulary0_.article as article2_1_0_, vocabulary0_.english_meaning as english_3_1_0_, vocabulary0_.german_word as german_w4_1_0_, vocabulary0_.plural as plural5_1_0_, vocabulary0_.user_id as user_id6_1_0_, user1_.id as id1_0_1_, user1_.email as email2_0_1_, user1_.password as password3_0_1_, user1_.username as username4_0_1_ from vocabulary vocabulary0_ inner join users user1_ on vocabulary0_.user_id=user1_.id where vocabulary0_.id=?
[DEBUG] 2026-10-08 22:43:13.525 [main] AbstractEntityPersister - Static SQL for entity: fonik.app.entity.User
[DEBUG] 2026-10-08 22:43:13.525 [main] AbstractEntityPersister -  Version select: select id from users where id =?
[DEBUG] 2026-10-08 22:43:13.525 [main] AbstractEntityPersister -  Snapshot select: select user_.id, user_.email as email2_0_, user_.password as password3_0_, user_.username as username4_0_ from users user_ where user_.id=?
[DEBUG] 2026-10-08 22:43:13.525 [main] AbstractEntityPersister -  Insert 0: insert into users (email, password, username, id) values (?, ?, ?, ?)
[DEBUG] 2026-10-08 22:43:13.525 [main] AbstractEntityPersister -  Update 0: update users set email=?, password=?, username=? where id=?
[DEBUG] 2026-10-08 22:43:13.525 [main] AbstractEntityPersister -  Delete 0: delete from users where id=?
[DEBUG] 2026-10-08 22:43:13.525 [main] AbstractEntityPersister -  Identity insert: insert into users (email, password, username) values (?, ?, ?)
[DEBUG] 2026-10-08 22:43:13.526 [main] QuerySpacesImpl - Adding QuerySpace : uid = <gen:0> -> org.hibernate.loader.plan.build.internal.spaces.EntityQuerySpaceImpl@28fc1132]
[DEBUG] 2026-10-08 22:43:13.526 [main] MetamodelGraphWalker - Visiting attribute path : email
[DEBUG] 2026-10-08 22:43:13.526 [main] MetamodelGraphWalker - Visiting attribute path : password
[DEBUG] 2026-10-08 22:43:13.527 [main] MetamodelGraphWalker - Visiting attribute path : username
[DEBUG] 2026-10-08 22:43:13.527 [main] MetamodelGraphWalker - Visiting attribute path : vocabulary
[DEBUG] 2026-10-08 22:43:13.528 [main] QuerySpacesImpl - Adding QuerySpace : uid = <gen:1> -> org.hibernate.loader.plan.build.internal.spaces.CollectionQuerySpaceImpl@66f5b8fe]
[DEBUG] 2026-10-08 22:43:13.532 [main] QuerySpacesImpl - Adding QuerySpace : uid = <gen:2> -> org.hibernate.loader.plan.build.internal.spaces.EntityQuerySpaceImpl@4168f3d9]
[DEBUG] 2026-10-08 22:43:13.533 [main] FetchStyleLoadPlanBuildingAssociationVisitationStrategy - Building LoadPlan...
[DEBUG] 2026-10-08 22:43:13.533 [main] LoadQueryJoinAndFetchProcessor - processing queryspace <gen:0>
[DEBUG] 2026-10-08 22:43:13.534 [main] LoadPlanTreePrinter - LoadPlan(entity=fonik.app.entity.User)
    - Returns
       - EntityReturnImpl(entity=fonik.app.entity.User, querySpaceUid=<gen:0>, path=fonik.app.entity.User)
          - CollectionAttributeFetchImpl(collection=fonik.app.entity.User.vocabulary, querySpaceUid=<gen:1>, path=fonik.app.entity.User.vocabulary)
             - (collection element) CollectionFetchableElementEntityGraph(entity=fonik.app.entity.Vocabulary, querySpaceUid=<gen:2>, path=fonik.app.entity.User.vocabulary.<elements>)
    - QuerySpaces
       - EntityQuerySpaceImpl(uid=<gen:0>, entity=fonik.app.entity.User)
          - SQL table alias mapping - user0_
          - alias suffix - 0_
          - suffixed key columns - {id1_0_0_}

[DEBUG] 2026-10-08 22:43:13.534 [main] EntityLoader - Static select for entity fonik.app.entity.User [NONE]: select user0_.id as id1_0_0_, user0_.email as email2_0_0_, user0_.password as password3_0_0_, user0_.username as username4_0_0_ from users user0_ where user0_.id=?
[DEBUG] 2026-10-08 22:43:13.543 [main] QuerySpacesImpl - Adding QuerySpace : uid = <gen:0> -> org.hibernate.loader.plan.build.internal.spaces.CollectionQuerySpaceImpl@48bc2fce]
[DEBUG] 2026-10-08 22:43:13.543 [main] QuerySpacesImpl - Adding QuerySpace : uid = <gen:1> -> org.hibernate.loader.plan.build.internal.spaces.EntityQuerySpaceImpl@1eca3ea7]
[DEBUG] 2026-10-08 22:43:13.545 [main] MetamodelGraphWalker - Visiting attribute path : article
[DEBUG] 2026-10-08 22:43:13.545 [main] MetamodelGraphWalker - Visiting attribute path : englishMeaning
[DEBUG] 2026-10-08 22:43:13.545 [main] MetamodelGraphWalker - Visiting attribute path : germanWord
[DEBUG] 2026-10-08 22:43:13.545 [main] MetamodelGraphWalker - Visiting attribute path : plural
[DEBUG] 2026-10-08 22:43:13.545 [main] MetamodelGraphWalker - Visiting attribute path : user
[DEBUG] 2026-10-08 22:43:13.545 [main] MetamodelGraphWalker - Property path deemed to be circular : user
[DEBUG] 2026-10-08 22:43:13.545 [main] FetchStyleLoadPlanBuildingAssociationVisitationStrategy - Building LoadPlan...
[DEBUG] 2026-10-08 22:43:13.553 [main] LoadQueryJoinAndFetchProcessor - processing queryspace <gen:0>
[DEBUG] 2026-10-08 22:43:13.554 [main] LoadPlanTreePrinter - LoadPlan(collection=fonik.app.entity.User.vocabulary)
    - Returns
       - CollectionReturnImpl(collection=fonik.app.entity.User.vocabulary, querySpaceUid=<gen:0>, path=[fonik.app.entity.User.vocabulary])
          - (collection element) CollectionFetchableElementEntityGraph(entity=fonik.app.entity.Vocabulary, querySpaceUid=<gen:1>, path=[fonik.app.entity.User.vocabulary].<elements>)
    - QuerySpaces
       - CollectionQuerySpaceImpl(uid=<gen:0>, collection=fonik.app.entity.User.vocabulary)
          - SQL table alias mapping - vocabulary0_
          - alias suffix - 0_
          - suffixed key columns - {user_id6_1_0_}
          - entity-element alias suffix - 1_
          - 1_entity-element suffixed key columns - id1_1_1_
          - JOIN (JoinDefinedByMetadata(elements)) : <gen:0> -> <gen:1>
             - EntityQuerySpaceImpl(uid=<gen:1>, entity=fonik.app.entity.Vocabulary)
                - SQL table alias mapping - vocabulary0_
                - alias suffix - 1_
                - suffixed key columns - {id1_1_1_}

[DEBUG] 2026-10-08 22:43:13.555 [main] CollectionLoader - Static select for collection fonik.app.entity.User.vocabulary: select vocabulary0_.user_id as user_id6_1_0_, vocabulary0_.id as id1_1_0_, vocabulary0_.id as id1_1_1_, vocabulary0_.article as article2_1_1_, vocabulary0_.english_meaning as english_3_1_1_, vocabulary0_.german_word as german_w4_1_1_, vocabulary0_.plural as plural5_1_1_, vocabulary0_.user_id as user_id6_1_1_ from vocabulary vocabulary0_ where vocabulary0_.user_id=?
[DEBUG] 2026-10-08 22:43:13.598 [main] SchemaManagementToolCoordinator - No schema actions specified
[DEBUG] 2026-10-08 22:43:13.598 [main] SchemaManagementToolCoordinator - No actions specified; doing nothing
[DEBUG] 2026-10-08 22:43:13.598 [main] JtaPlatformInitiator - No JtaPlatform was specified, checking resolver
[DEBUG] 2026-10-08 22:43:13.598 [main] JtaPlatformResolverInitiator - No JtaPlatformResolver was specified, using default [org.hibernate.engine.transaction.jta.platform.internal.StandardJtaPlatformResolver]
[DEBUG] 2026-10-08 22:43:13.604 [main] StandardJtaPlatformResolver - Could not resolve JtaPlatform, using default [org.hibernate.engine.transaction.jta.platform.internal.NoJtaPlatform]
[INFO ] 2026-10-08 22:43:13.604 [main] JtaPlatformInitiator - HHH000490: Using JtaPlatform implementation: [org.hibernate.engine.transaction.jta.platform.internal.NoJtaPlatform]
[DEBUG] 2026-10-08 22:43:13.611 [main] SessionFactoryServiceRegistryImpl - EventListenerRegistry access via ServiceRegistry is deprecated.  Use `sessionFactory.getEventEngine().getListenerRegistry()` instead
[DEBUG] 2026-10-08 22:43:13.613 [main] QueryTranslatorFactoryInitiator - QueryTranslatorFactory: org.hibernate.hql.internal.ast.ASTQueryTranslatorFactory@4f664bee
[DEBUG] 2026-10-08 22:43:13.617 [main] NamedQueryRepository - Checking 0 named HQL queries
[DEBUG] 2026-10-08 22:43:13.619 [main] NamedQueryRepository - Checking 0 named SQL queries
[DEBUG] 2026-10-08 22:43:13.620 [main] SessionFactoryRegistry - Initializing SessionFactoryRegistry : org.hibernate.internal.SessionFactoryRegistry@34a6d9db
[DEBUG] 2026-10-08 22:43:13.622 [main] SessionFactoryRegistry - Registering SessionFactory: 08225404-9ab5-4619-8308-708afe3e8239 (<unnamed>)
[DEBUG] 2026-10-08 22:43:13.622 [main] SessionFactoryRegistry - Not binding SessionFactory to JNDI, no JNDI name configured
[DEBUG] 2026-10-08 22:43:13.677 [main] StatisticsInitiator - Statistics initialized [enabled=false]
[DEBUG] 2026-10-08 22:43:13.988 [main] SQL - select vocabulary0_.id as id1_1_0_, vocabulary0_.article as article2_1_0_, vocabulary0_.english_meaning as english_3_1_0_, vocabulary0_.german_word as german_w4_1_0_, vocabulary0_.plural as plural5_1_0_, vocabulary0_.user_id as user_id6_1_0_, user1_.id as id1_0_1_, user1_.email as email2_0_1_, user1_.password as password3_0_1_, user1_.username as username4_0_1_ from vocabulary vocabulary0_ inner join users user1_ on vocabulary0_.user_id=user1_.id where vocabulary0_.id=?
[DEBUG] 2026-10-08 22:43:14.014 [main] EntityReferenceInitializerImpl - On call to EntityIdentifierReaderImpl#resolve, EntityKey was already known; should only happen on root returns with an optional identifier specified
[DEBUG] 2026-10-08 22:43:14.022 [main] TwoPhaseLoad - Resolving attributes for [fonik.app.entity.Vocabulary#5]
[DEBUG] 2026-10-08 22:43:14.022 [main] TwoPhaseLoad - Processing attribute `article` : value = der
[DEBUG] 2026-10-08 22:43:14.022 [main] TwoPhaseLoad - Attribute (`article`)  - enhanced for lazy-loading? - false
[DEBUG] 2026-10-08 22:43:14.022 [main] TwoPhaseLoad - Processing attribute `englishMeaning` : value = dog
[DEBUG] 2026-10-08 22:43:14.022 [main] TwoPhaseLoad - Attribute (`englishMeaning`)  - enhanced for lazy-loading? - false
[DEBUG] 2026-10-08 22:43:14.023 [main] TwoPhaseLoad - Processing attribute `germanWord` : value = Hundd
[DEBUG] 2026-10-08 22:43:14.023 [main] TwoPhaseLoad - Attribute (`germanWord`)  - enhanced for lazy-loading? - false
[DEBUG] 2026-10-08 22:43:14.023 [main] TwoPhaseLoad - Processing attribute `plural` : value = Hunde
[DEBUG] 2026-10-08 22:43:14.023 [main] TwoPhaseLoad - Attribute (`plural`)  - enhanced for lazy-loading? - false
[DEBUG] 2026-10-08 22:43:14.023 [main] TwoPhaseLoad - Processing attribute `user` : value = 1
[DEBUG] 2026-10-08 22:43:14.023 [main] TwoPhaseLoad - Attribute (`user`)  - enhanced for lazy-loading? - false
[DEBUG] 2026-10-08 22:43:14.024 [main] TwoPhaseLoad - Done materializing entity [fonik.app.entity.Vocabulary#5]
[DEBUG] 2026-10-08 22:43:14.024 [main] TwoPhaseLoad - Resolving attributes for [fonik.app.entity.User#1]
[DEBUG] 2026-10-08 22:43:14.024 [main] TwoPhaseLoad - Processing attribute `email` : value = test@example.com
[DEBUG] 2026-10-08 22:43:14.024 [main] TwoPhaseLoad - Attribute (`email`)  - enhanced for lazy-loading? - false
[DEBUG] 2026-10-08 22:43:14.024 [main] TwoPhaseLoad - Processing attribute `password` : value = test123
[DEBUG] 2026-10-08 22:43:14.024 [main] TwoPhaseLoad - Attribute (`password`)  - enhanced for lazy-loading? - false
[DEBUG] 2026-10-08 22:43:14.024 [main] TwoPhaseLoad - Processing attribute `username` : value = testuser
[DEBUG] 2026-10-08 22:43:14.024 [main] TwoPhaseLoad - Attribute (`username`)  - enhanced for lazy-loading? - false
[DEBUG] 2026-10-08 22:43:14.024 [main] TwoPhaseLoad - Processing attribute `vocabulary` : value = NOT NULL COLLECTION
[DEBUG] 2026-10-08 22:43:14.024 [main] TwoPhaseLoad - Attribute (`vocabulary`)  - enhanced for lazy-loading? - false
[DEBUG] 2026-10-08 22:43:14.032 [main] TwoPhaseLoad - Done materializing entity [fonik.app.entity.User#1]
[DEBUG] 2026-10-08 22:43:14.033 [main] AbstractLoadPlanBasedEntityLoader - Done entity load : fonik.app.entity.Vocabulary#5
[DEBUG] 2026-10-08 22:43:14.033 [main] LogicalConnectionManagedImpl - Initiating JDBC connection release from afterTransaction
[DEBUG] 2026-10-08 22:43:14.036 [main] TransactionImpl - On TransactionImpl creation, JpaCompliance#isJpaTransactionComplianceEnabled == false
[DEBUG] 2026-10-08 22:43:14.037 [main] TransactionImpl - begin
[DEBUG] 2026-10-08 22:43:14.050 [main] TransactionImpl - committing
[DEBUG] 2026-10-08 22:43:14.050 [main] AbstractFlushingEventListener - Processing flush-time cascades
[DEBUG] 2026-10-08 22:43:14.050 [main] AbstractFlushingEventListener - Dirty checking collections
[DEBUG] 2026-10-08 22:43:14.053 [main] AbstractFlushingEventListener - Flushed: 0 insertions, 0 updates, 1 deletions to 1 objects
[DEBUG] 2026-10-08 22:43:14.054 [main] AbstractFlushingEventListener - Flushed: 0 (re)creations, 0 updates, 0 removals to 0 collections
[DEBUG] 2026-10-08 22:43:14.055 [main] EntityPrinter - Listing entities:
[DEBUG] 2026-10-08 22:43:14.055 [main] EntityPrinter - fonik.app.entity.Vocabulary{englishMeaning=dog, plural=Hunde, germanWord=Hundd, id=5, user=fonik.app.entity.User#1, article=der}
[DEBUG] 2026-10-08 22:43:14.062 [main] SQL - delete from vocabulary where id=?
[DEBUG] 2026-10-08 22:43:14.069 [main] LogicalConnectionManagedImpl - Initiating JDBC connection release from afterTransaction
[DEBUG] 2026-10-08 22:43:14.069 [main] LogicalConnectionManagedImpl - Initiating JDBC connection release from afterTransaction
[DEBUG] 2026-10-08 22:43:14.070 [main] JdbcCoordinatorImpl - HHH000420: Closing un-released batch
[DEBUG] 2026-10-08 22:43:14.070 [main] SQL - select vocabulary0_.id as id1_1_0_, vocabulary0_.article as article2_1_0_, vocabulary0_.english_meaning as english_3_1_0_, vocabulary0_.german_word as german_w4_1_0_, vocabulary0_.plural as plural5_1_0_, vocabulary0_.user_id as user_id6_1_0_, user1_.id as id1_0_1_, user1_.email as email2_0_1_, user1_.password as password3_0_1_, user1_.username as username4_0_1_ from vocabulary vocabulary0_ inner join users user1_ on vocabulary0_.user_id=user1_.id where vocabulary0_.id=?
[DEBUG] 2026-10-08 22:43:14.072 [main] AbstractLoadPlanBasedEntityLoader - Done entity load : fonik.app.entity.Vocabulary#5
[DEBUG] 2026-10-08 22:43:14.072 [main] LogicalConnectionManagedImpl - Initiating JDBC connection release from afterTransaction
[DEBUG] 2026-10-08 22:43:14.368 [main] CriteriaQueryImpl - Rendered criteria query -> select generatedAlias0 from Vocabulary as generatedAlias0
[DEBUG] 2026-10-08 22:43:14.455 [main] QueryTranslatorImpl - parse() - HQL: select generatedAlias0 from fonik.app.entity.Vocabulary as generatedAlias0
[DEBUG] 2026-10-08 22:43:14.469 [main] ErrorTracker - throwQueryException() : no errors
[DEBUG] 2026-10-08 22:43:14.484 [main] QueryTranslatorImpl - --- HQL AST ---
 \-[QUERY] Node: 'query'
    \-[SELECT_FROM] Node: 'SELECT_FROM'
       +-[FROM] Node: 'from'
       |  \-[RANGE] Node: 'RANGE'
       |     +-[DOT] Node: '.'
       |     |  +-[DOT] Node: '.'
       |     |  |  +-[DOT] Node: '.'
       |     |  |  |  +-[IDENT] Node: 'fonik'
       |     |  |  |  \-[IDENT] Node: 'app'
       |     |  |  \-[IDENT] Node: 'entity'
       |     |  \-[IDENT] Node: 'Vocabulary'
       |     \-[ALIAS] Node: 'generatedAlias0'
       \-[SELECT] Node: 'select'
          \-[IDENT] Node: 'generatedAlias0'

[DEBUG] 2026-10-08 22:43:14.519 [main] HqlSqlBaseWalker - select << begin [level=1, statement=select]
[DEBUG] 2026-10-08 22:43:14.535 [main] FromElement - FromClause{level=1} : fonik.app.entity.Vocabulary (generatedAlias0) -> vocabulary0_
[DEBUG] 2026-10-08 22:43:14.536 [main] FromReferenceNode - Resolved : generatedAlias0 -> vocabulary0_.id
[DEBUG] 2026-10-08 22:43:14.538 [main] HqlSqlBaseWalker - select : finishing up [level=1, statement=select]
[DEBUG] 2026-10-08 22:43:14.538 [main] HqlSqlWalker - processQuery() :  ( SELECT ( {select clause} vocabulary0_.id ) ( FromClause{level=1} vocabulary vocabulary0_ ) )
[DEBUG] 2026-10-08 22:43:14.545 [main] JoinProcessor - Tables referenced from query nodes:
 \-QueryNode
    +-SelectClause
    | referencedTables(entity Vocabulary): [vocabulary]
    |  +-IdentNode
    |  | persister: SingleTableEntityPersister(fonik.app.entity.Vocabulary)
    |  | originalText: generatedAlias0
    |  \-SqlFragment
    \-FromClause
       \-FromElement

[DEBUG] 2026-10-08 22:43:14.547 [main] JoinProcessor - Using FROM fragment [vocabulary vocabulary0_]
[DEBUG] 2026-10-08 22:43:14.547 [main] HqlSqlBaseWalker - select >> end [level=1, statement=select]
[DEBUG] 2026-10-08 22:43:14.548 [main] QueryTranslatorImpl - --- SQL AST ---
 \-[SELECT] QueryNode: 'SELECT'  querySpaces (vocabulary)
    +-[SELECT_CLAUSE] SelectClause: '{select clause}'
    |  +-[ALIAS_REF] IdentNode: 'vocabulary0_.id as id1_1_' {alias=generatedAlias0, className=fonik.app.entity.Vocabulary, tableAlias=vocabulary0_}
    |  \-[SQL_TOKEN] SqlFragment: 'vocabulary0_.article as article2_1_, vocabulary0_.english_meaning as english_3_1_, vocabulary0_.german_word as german_w4_1_, vocabulary0_.plural as plural5_1_, vocabulary0_.user_id as user_id6_1_'
    \-[FROM] FromClause: 'from' FromClause{level=1, fromElementCounter=1, fromElements=1, fromElementByClassAlias=[generatedAlias0], fromElementByTableAlias=[vocabulary0_], fromElementsByPath=[], collectionJoinFromElementsByPath=[], impliedElements=[]}
       \-[FROM_FRAGMENT] FromElement: 'vocabulary vocabulary0_' FromElement{explicit,not a collection join,not a fetch join,fetch non-lazy properties,classAlias=generatedAlias0,role=null,tableName=vocabulary,tableAlias=vocabulary0_,origin=null,columns={,className=fonik.app.entity.Vocabulary}}

[DEBUG] 2026-10-08 22:43:14.548 [main] ErrorTracker - throwQueryException() : no errors
[DEBUG] 2026-10-08 22:43:14.557 [main] QueryTranslatorImpl - HQL: select generatedAlias0 from fonik.app.entity.Vocabulary as generatedAlias0
[DEBUG] 2026-10-08 22:43:14.557 [main] QueryTranslatorImpl - SQL: select vocabulary0_.id as id1_1_, vocabulary0_.article as article2_1_, vocabulary0_.english_meaning as english_3_1_, vocabulary0_.german_word as german_w4_1_, vocabulary0_.plural as plural5_1_, vocabulary0_.user_id as user_id6_1_ from vocabulary vocabulary0_
[DEBUG] 2026-10-08 22:43:14.557 [main] ErrorTracker - throwQueryException() : no errors
[DEBUG] 2026-10-08 22:43:14.572 [main] SQL - select vocabulary0_.id as id1_1_, vocabulary0_.article as article2_1_, vocabulary0_.english_meaning as english_3_1_, vocabulary0_.german_word as german_w4_1_, vocabulary0_.plural as plural5_1_, vocabulary0_.user_id as user_id6_1_ from vocabulary vocabulary0_
[DEBUG] 2026-10-08 22:43:14.575 [main] Loader - Result set row: 0
[DEBUG] 2026-10-08 22:43:14.575 [main] Loader - Result row: EntityKey[fonik.app.entity.Vocabulary#4]
[DEBUG] 2026-10-08 22:43:14.575 [main] Loader - Result set row: 1
[DEBUG] 2026-10-08 22:43:14.575 [main] Loader - Result row: EntityKey[fonik.app.entity.Vocabulary#5]
[DEBUG] 2026-10-08 22:43:14.575 [main] Loader - Result set row: 2
[DEBUG] 2026-10-08 22:43:14.576 [main] Loader - Result row: EntityKey[fonik.app.entity.Vocabulary#6]
[DEBUG] 2026-10-08 22:43:14.576 [main] TwoPhaseLoad - Resolving attributes for [fonik.app.entity.Vocabulary#4]
[DEBUG] 2026-10-08 22:43:14.576 [main] TwoPhaseLoad - Processing attribute `article` : value = das
[DEBUG] 2026-10-08 22:43:14.576 [main] TwoPhaseLoad - Attribute (`article`)  - enhanced for lazy-loading? - false
[DEBUG] 2026-10-08 22:43:14.576 [main] TwoPhaseLoad - Processing attribute `englishMeaning` : value = house
[DEBUG] 2026-10-08 22:43:14.576 [main] TwoPhaseLoad - Attribute (`englishMeaning`)  - enhanced for lazy-loading? - false
[DEBUG] 2026-10-08 22:43:14.576 [main] TwoPhaseLoad - Processing attribute `germanWord` : value = Haus
[DEBUG] 2026-10-08 22:43:14.576 [main] TwoPhaseLoad - Attribute (`germanWord`)  - enhanced for lazy-loading? - false
[DEBUG] 2026-10-08 22:43:14.576 [main] TwoPhaseLoad - Processing attribute `plural` : value = Häuser
[DEBUG] 2026-10-08 22:43:14.576 [main] TwoPhaseLoad - Attribute (`plural`)  - enhanced for lazy-loading? - false
[DEBUG] 2026-10-08 22:43:14.576 [main] TwoPhaseLoad - Processing attribute `user` : value = 1
[DEBUG] 2026-10-08 22:43:14.576 [main] TwoPhaseLoad - Attribute (`user`)  - enhanced for lazy-loading? - false
[DEBUG] 2026-10-08 22:43:14.576 [main] SQL - select user0_.id as id1_0_0_, user0_.email as email2_0_0_, user0_.password as password3_0_0_, user0_.username as username4_0_0_ from users user0_ where user0_.id=?
[DEBUG] 2026-10-08 22:43:14.579 [main] EntityReferenceInitializerImpl - On call to EntityIdentifierReaderImpl#resolve, EntityKey was already known; should only happen on root returns with an optional identifier specified
[DEBUG] 2026-10-08 22:43:14.580 [main] TwoPhaseLoad - Resolving attributes for [fonik.app.entity.User#1]
[DEBUG] 2026-10-08 22:43:14.580 [main] TwoPhaseLoad - Processing attribute `email` : value = test@example.com
[DEBUG] 2026-10-08 22:43:14.580 [main] TwoPhaseLoad - Attribute (`email`)  - enhanced for lazy-loading? - false
[DEBUG] 2026-10-08 22:43:14.580 [main] TwoPhaseLoad - Processing attribute `password` : value = test123
[DEBUG] 2026-10-08 22:43:14.580 [main] TwoPhaseLoad - Attribute (`password`)  - enhanced for lazy-loading? - false
[DEBUG] 2026-10-08 22:43:14.580 [main] TwoPhaseLoad - Processing attribute `username` : value = testuser
[DEBUG] 2026-10-08 22:43:14.580 [main] TwoPhaseLoad - Attribute (`username`)  - enhanced for lazy-loading? - false
[DEBUG] 2026-10-08 22:43:14.580 [main] TwoPhaseLoad - Processing attribute `vocabulary` : value = NOT NULL COLLECTION
[DEBUG] 2026-10-08 22:43:14.580 [main] TwoPhaseLoad - Attribute (`vocabulary`)  - enhanced for lazy-loading? - false
[DEBUG] 2026-10-08 22:43:14.580 [main] TwoPhaseLoad - Done materializing entity [fonik.app.entity.User#1]
[DEBUG] 2026-10-08 22:43:14.580 [main] AbstractLoadPlanBasedEntityLoader - Done entity load : fonik.app.entity.User#1
[DEBUG] 2026-10-08 22:43:14.581 [main] TwoPhaseLoad - Done materializing entity [fonik.app.entity.Vocabulary#4]
[DEBUG] 2026-10-08 22:43:14.581 [main] TwoPhaseLoad - Resolving attributes for [fonik.app.entity.Vocabulary#5]
[DEBUG] 2026-10-08 22:43:14.581 [main] TwoPhaseLoad - Processing attribute `article` : value = der
[DEBUG] 2026-10-08 22:43:14.581 [main] TwoPhaseLoad - Attribute (`article`)  - enhanced for lazy-loading? - false
[DEBUG] 2026-10-08 22:43:14.581 [main] TwoPhaseLoad - Processing attribute `englishMeaning` : value = dog
[DEBUG] 2026-10-08 22:43:14.581 [main] TwoPhaseLoad - Attribute (`englishMeaning`)  - enhanced for lazy-loading? - false
[DEBUG] 2026-10-08 22:43:14.581 [main] TwoPhaseLoad - Processing attribute `germanWord` : value = Hundd
[DEBUG] 2026-10-08 22:43:14.581 [main] TwoPhaseLoad - Attribute (`germanWord`)  - enhanced for lazy-loading? - false
[DEBUG] 2026-10-08 22:43:14.581 [main] TwoPhaseLoad - Processing attribute `plural` : value = Hunde
[DEBUG] 2026-10-08 22:43:14.581 [main] TwoPhaseLoad - Attribute (`plural`)  - enhanced for lazy-loading? - false
[DEBUG] 2026-10-08 22:43:14.581 [main] TwoPhaseLoad - Processing attribute `user` : value = 1
[DEBUG] 2026-10-08 22:43:14.581 [main] TwoPhaseLoad - Attribute (`user`)  - enhanced for lazy-loading? - false
[DEBUG] 2026-10-08 22:43:14.582 [main] TwoPhaseLoad - Done materializing entity [fonik.app.entity.Vocabulary#5]
[DEBUG] 2026-10-08 22:43:14.582 [main] TwoPhaseLoad - Resolving attributes for [fonik.app.entity.Vocabulary#6]
[DEBUG] 2026-10-08 22:43:14.582 [main] TwoPhaseLoad - Processing attribute `article` : value = die
[DEBUG] 2026-10-08 22:43:14.582 [main] TwoPhaseLoad - Attribute (`article`)  - enhanced for lazy-loading? - false
[DEBUG] 2026-10-08 22:43:14.582 [main] TwoPhaseLoad - Processing attribute `englishMeaning` : value = cat
[DEBUG] 2026-10-08 22:43:14.582 [main] TwoPhaseLoad - Attribute (`englishMeaning`)  - enhanced for lazy-loading? - false
[DEBUG] 2026-10-08 22:43:14.582 [main] TwoPhaseLoad - Processing attribute `germanWord` : value = Katzez
[DEBUG] 2026-10-08 22:43:14.582 [main] TwoPhaseLoad - Attribute (`germanWord`)  - enhanced for lazy-loading? - false
[DEBUG] 2026-10-08 22:43:14.582 [main] TwoPhaseLoad - Processing attribute `plural` : value = Katzen
[DEBUG] 2026-10-08 22:43:14.582 [main] TwoPhaseLoad - Attribute (`plural`)  - enhanced for lazy-loading? - false
[DEBUG] 2026-10-08 22:43:14.582 [main] TwoPhaseLoad - Processing attribute `user` : value = 1
[DEBUG] 2026-10-08 22:43:14.582 [main] TwoPhaseLoad - Attribute (`user`)  - enhanced for lazy-loading? - false
[DEBUG] 2026-10-08 22:43:14.582 [main] TwoPhaseLoad - Done materializing entity [fonik.app.entity.Vocabulary#6]
[DEBUG] 2026-10-08 22:43:14.584 [main] LogicalConnectionManagedImpl - Initiating JDBC connection release from afterTransaction
[DEBUG] 2026-10-08 22:43:14.782 [main] SQL - select vocabulary0_.id as id1_1_0_, vocabulary0_.article as article2_1_0_, vocabulary0_.english_meaning as english_3_1_0_, vocabulary0_.german_word as german_w4_1_0_, vocabulary0_.plural as plural5_1_0_, vocabulary0_.user_id as user_id6_1_0_, user1_.id as id1_0_1_, user1_.email as email2_0_1_, user1_.password as password3_0_1_, user1_.username as username4_0_1_ from vocabulary vocabulary0_ inner join users user1_ on vocabulary0_.user_id=user1_.id where vocabulary0_.id=?
[DEBUG] 2026-10-08 22:43:14.785 [main] EntityReferenceInitializerImpl - On call to EntityIdentifierReaderImpl#resolve, EntityKey was already known; should only happen on root returns with an optional identifier specified
[DEBUG] 2026-10-08 22:43:14.786 [main] TwoPhaseLoad - Resolving attributes for [fonik.app.entity.Vocabulary#5]
[DEBUG] 2026-10-08 22:43:14.786 [main] TwoPhaseLoad - Processing attribute `article` : value = der
[DEBUG] 2026-10-08 22:43:14.786 [main] TwoPhaseLoad - Attribute (`article`)  - enhanced for lazy-loading? - false
[DEBUG] 2026-10-08 22:43:14.786 [main] TwoPhaseLoad - Processing attribute `englishMeaning` : value = dog
[DEBUG] 2026-10-08 22:43:14.786 [main] TwoPhaseLoad - Attribute (`englishMeaning`)  - enhanced for lazy-loading? - false
[DEBUG] 2026-10-08 22:43:14.786 [main] TwoPhaseLoad - Processing attribute `germanWord` : value = Hundd
[DEBUG] 2026-10-08 22:43:14.786 [main] TwoPhaseLoad - Attribute (`germanWord`)  - enhanced for lazy-loading? - false
[DEBUG] 2026-10-08 22:43:14.786 [main] TwoPhaseLoad - Processing attribute `plural` : value = Hunde
[DEBUG] 2026-10-08 22:43:14.786 [main] TwoPhaseLoad - Attribute (`plural`)  - enhanced for lazy-loading? - false
[DEBUG] 2026-10-08 22:43:14.786 [main] TwoPhaseLoad - Processing attribute `user` : value = 1
[DEBUG] 2026-10-08 22:43:14.786 [main] TwoPhaseLoad - Attribute (`user`)  - enhanced for lazy-loading? - false
[DEBUG] 2026-10-08 22:43:14.786 [main] TwoPhaseLoad - Done materializing entity [fonik.app.entity.Vocabulary#5]
[DEBUG] 2026-10-08 22:43:14.786 [main] TwoPhaseLoad - Resolving attributes for [fonik.app.entity.User#1]
[DEBUG] 2026-10-08 22:43:14.786 [main] TwoPhaseLoad - Processing attribute `email` : value = test@example.com
[DEBUG] 2026-10-08 22:43:14.786 [main] TwoPhaseLoad - Attribute (`email`)  - enhanced for lazy-loading? - false
[DEBUG] 2026-10-08 22:43:14.786 [main] TwoPhaseLoad - Processing attribute `password` : value = test123
[DEBUG] 2026-10-08 22:43:14.787 [main] TwoPhaseLoad - Attribute (`password`)  - enhanced for lazy-loading? - false
[DEBUG] 2026-10-08 22:43:14.787 [main] TwoPhaseLoad - Processing attribute `username` : value = testuser
[DEBUG] 2026-10-08 22:43:14.787 [main] TwoPhaseLoad - Attribute (`username`)  - enhanced for lazy-loading? - false
[DEBUG] 2026-10-08 22:43:14.787 [main] TwoPhaseLoad - Processing attribute `vocabulary` : value = NOT NULL COLLECTION
[DEBUG] 2026-10-08 22:43:14.787 [main] TwoPhaseLoad - Attribute (`vocabulary`)  - enhanced for lazy-loading? - false
[DEBUG] 2026-10-08 22:43:14.787 [main] TwoPhaseLoad - Done materializing entity [fonik.app.entity.User#1]
[DEBUG] 2026-10-08 22:43:14.787 [main] AbstractLoadPlanBasedEntityLoader - Done entity load : fonik.app.entity.Vocabulary#5
[DEBUG] 2026-10-08 22:43:14.787 [main] LogicalConnectionManagedImpl - Initiating JDBC connection release from afterTransaction
[DEBUG] 2026-10-08 22:43:14.788 [main] TransactionImpl - On TransactionImpl creation, JpaCompliance#isJpaTransactionComplianceEnabled == false
[DEBUG] 2026-10-08 22:43:14.788 [main] TransactionImpl - begin
[DEBUG] 2026-10-08 22:43:14.790 [main] EntityCopyObserverFactoryInitiator - Configured EntityCopyObserver strategy: disallow
[DEBUG] 2026-10-08 22:43:14.801 [main] Loader - Static select for action ACTION_MERGE on entity fonik.app.entity.Vocabulary: select vocabulary0_.id as id1_1_0_, vocabulary0_.article as article2_1_0_, vocabulary0_.english_meaning as english_3_1_0_, vocabulary0_.german_word as german_w4_1_0_, vocabulary0_.plural as plural5_1_0_, vocabulary0_.user_id as user_id6_1_0_ from vocabulary vocabulary0_ where vocabulary0_.id=?
[DEBUG] 2026-10-08 22:43:14.801 [main] Loader - Loading entity: [fonik.app.entity.Vocabulary#5]
[DEBUG] 2026-10-08 22:43:14.801 [main] SQL - select vocabulary0_.id as id1_1_0_, vocabulary0_.article as article2_1_0_, vocabulary0_.english_meaning as english_3_1_0_, vocabulary0_.german_word as german_w4_1_0_, vocabulary0_.plural as plural5_1_0_, vocabulary0_.user_id as user_id6_1_0_ from vocabulary vocabulary0_ where vocabulary0_.id=?
[DEBUG] 2026-10-08 22:43:14.802 [main] Loader - Result set row: 0
[DEBUG] 2026-10-08 22:43:14.803 [main] Loader - Result row: EntityKey[fonik.app.entity.Vocabulary#5]
[DEBUG] 2026-10-08 22:43:14.803 [main] TwoPhaseLoad - Resolving attributes for [fonik.app.entity.Vocabulary#5]
[DEBUG] 2026-10-08 22:43:14.803 [main] TwoPhaseLoad - Processing attribute `article` : value = der
[DEBUG] 2026-10-08 22:43:14.803 [main] TwoPhaseLoad - Attribute (`article`)  - enhanced for lazy-loading? - false
[DEBUG] 2026-10-08 22:43:14.803 [main] TwoPhaseLoad - Processing attribute `englishMeaning` : value = dog
[DEBUG] 2026-10-08 22:43:14.803 [main] TwoPhaseLoad - Attribute (`englishMeaning`)  - enhanced for lazy-loading? - false
[DEBUG] 2026-10-08 22:43:14.803 [main] TwoPhaseLoad - Processing attribute `germanWord` : value = Hundd
[DEBUG] 2026-10-08 22:43:14.803 [main] TwoPhaseLoad - Attribute (`germanWord`)  - enhanced for lazy-loading? - false
[DEBUG] 2026-10-08 22:43:14.803 [main] TwoPhaseLoad - Processing attribute `plural` : value = Hunde
[DEBUG] 2026-10-08 22:43:14.803 [main] TwoPhaseLoad - Attribute (`plural`)  - enhanced for lazy-loading? - false
[DEBUG] 2026-10-08 22:43:14.803 [main] TwoPhaseLoad - Processing attribute `user` : value = 1
[DEBUG] 2026-10-08 22:43:14.803 [main] TwoPhaseLoad - Attribute (`user`)  - enhanced for lazy-loading? - false
[DEBUG] 2026-10-08 22:43:14.805 [main] Loader - Static select for action ACTION_MERGE on entity fonik.app.entity.User: select user0_.id as id1_0_1_, user0_.email as email2_0_1_, user0_.password as password3_0_1_, user0_.username as username4_0_1_, vocabulary1_.user_id as user_id6_1_3_, vocabulary1_.id as id1_1_3_, vocabulary1_.id as id1_1_0_, vocabulary1_.article as article2_1_0_, vocabulary1_.english_meaning as english_3_1_0_, vocabulary1_.german_word as german_w4_1_0_, vocabulary1_.plural as plural5_1_0_, vocabulary1_.user_id as user_id6_1_0_ from users user0_ left outer join vocabulary vocabulary1_ on user0_.id=vocabulary1_.user_id where user0_.id=?
[DEBUG] 2026-10-08 22:43:14.805 [main] Loader - Loading entity: [fonik.app.entity.User#1]
[DEBUG] 2026-10-08 22:43:14.805 [main] SQL - select user0_.id as id1_0_1_, user0_.email as email2_0_1_, user0_.password as password3_0_1_, user0_.username as username4_0_1_, vocabulary1_.user_id as user_id6_1_3_, vocabulary1_.id as id1_1_3_, vocabulary1_.id as id1_1_0_, vocabulary1_.article as article2_1_0_, vocabulary1_.english_meaning as english_3_1_0_, vocabulary1_.german_word as german_w4_1_0_, vocabulary1_.plural as plural5_1_0_, vocabulary1_.user_id as user_id6_1_0_ from users user0_ left outer join vocabulary vocabulary1_ on user0_.id=vocabulary1_.user_id where user0_.id=?
[DEBUG] 2026-10-08 22:43:14.806 [main] Loader - Result set row: 0
[DEBUG] 2026-10-08 22:43:14.806 [main] Loader - Result row: EntityKey[fonik.app.entity.Vocabulary#4], EntityKey[fonik.app.entity.User#1]
[DEBUG] 2026-10-08 22:43:14.806 [main] Loader - Found row of collection: [fonik.app.entity.User.vocabulary#1]
[DEBUG] 2026-10-08 22:43:14.809 [main] Loader - Result set row: 1
[DEBUG] 2026-10-08 22:43:14.809 [main] Loader - Result row: EntityKey[fonik.app.entity.Vocabulary#5], EntityKey[fonik.app.entity.User#1]
[DEBUG] 2026-10-08 22:43:14.809 [main] Loader - Found row of collection: [fonik.app.entity.User.vocabulary#1]
[DEBUG] 2026-10-08 22:43:14.809 [main] Loader - Result set row: 2
[DEBUG] 2026-10-08 22:43:14.809 [main] Loader - Result row: EntityKey[fonik.app.entity.Vocabulary#6], EntityKey[fonik.app.entity.User#1]
[DEBUG] 2026-10-08 22:43:14.809 [main] Loader - Found row of collection: [fonik.app.entity.User.vocabulary#1]
[DEBUG] 2026-10-08 22:43:14.809 [main] TwoPhaseLoad - Resolving attributes for [fonik.app.entity.Vocabulary#4]
[DEBUG] 2026-10-08 22:43:14.809 [main] TwoPhaseLoad - Processing attribute `article` : value = das
[DEBUG] 2026-10-08 22:43:14.809 [main] TwoPhaseLoad - Attribute (`article`)  - enhanced for lazy-loading? - false
[DEBUG] 2026-10-08 22:43:14.809 [main] TwoPhaseLoad - Processing attribute `englishMeaning` : value = house
[DEBUG] 2026-10-08 22:43:14.809 [main] TwoPhaseLoad - Attribute (`englishMeaning`)  - enhanced for lazy-loading? - false
[DEBUG] 2026-10-08 22:43:14.809 [main] TwoPhaseLoad - Processing attribute `germanWord` : value = Haus
[DEBUG] 2026-10-08 22:43:14.810 [main] TwoPhaseLoad - Attribute (`germanWord`)  - enhanced for lazy-loading? - false
[DEBUG] 2026-10-08 22:43:14.810 [main] TwoPhaseLoad - Processing attribute `plural` : value = Häuser
[DEBUG] 2026-10-08 22:43:14.810 [main] TwoPhaseLoad - Attribute (`plural`)  - enhanced for lazy-loading? - false
[DEBUG] 2026-10-08 22:43:14.810 [main] TwoPhaseLoad - Processing attribute `user` : value = 1
[DEBUG] 2026-10-08 22:43:14.810 [main] TwoPhaseLoad - Attribute (`user`)  - enhanced for lazy-loading? - false
[DEBUG] 2026-10-08 22:43:14.810 [main] TwoPhaseLoad - Done materializing entity [fonik.app.entity.Vocabulary#4]
[DEBUG] 2026-10-08 22:43:14.810 [main] TwoPhaseLoad - Resolving attributes for [fonik.app.entity.User#1]
[DEBUG] 2026-10-08 22:43:14.810 [main] TwoPhaseLoad - Processing attribute `email` : value = test@example.com
[DEBUG] 2026-10-08 22:43:14.810 [main] TwoPhaseLoad - Attribute (`email`)  - enhanced for lazy-loading? - false
[DEBUG] 2026-10-08 22:43:14.810 [main] TwoPhaseLoad - Processing attribute `password` : value = test123
[DEBUG] 2026-10-08 22:43:14.810 [main] TwoPhaseLoad - Attribute (`password`)  - enhanced for lazy-loading? - false
[DEBUG] 2026-10-08 22:43:14.810 [main] TwoPhaseLoad - Processing attribute `username` : value = testuser
[DEBUG] 2026-10-08 22:43:14.810 [main] TwoPhaseLoad - Attribute (`username`)  - enhanced for lazy-loading? - false
[DEBUG] 2026-10-08 22:43:14.810 [main] TwoPhaseLoad - Processing attribute `vocabulary` : value = NOT NULL COLLECTION
[DEBUG] 2026-10-08 22:43:14.810 [main] TwoPhaseLoad - Attribute (`vocabulary`)  - enhanced for lazy-loading? - false
[DEBUG] 2026-10-08 22:43:14.810 [main] TwoPhaseLoad - Done materializing entity [fonik.app.entity.User#1]
[DEBUG] 2026-10-08 22:43:14.810 [main] TwoPhaseLoad - Resolving attributes for [fonik.app.entity.Vocabulary#6]
[DEBUG] 2026-10-08 22:43:14.810 [main] TwoPhaseLoad - Processing attribute `article` : value = die
[DEBUG] 2026-10-08 22:43:14.810 [main] TwoPhaseLoad - Attribute (`article`)  - enhanced for lazy-loading? - false
[DEBUG] 2026-10-08 22:43:14.810 [main] TwoPhaseLoad - Processing attribute `englishMeaning` : value = cat
[DEBUG] 2026-10-08 22:43:14.810 [main] TwoPhaseLoad - Attribute (`englishMeaning`)  - enhanced for lazy-loading? - false
[DEBUG] 2026-10-08 22:43:14.810 [main] TwoPhaseLoad - Processing attribute `germanWord` : value = Katzez
[DEBUG] 2026-10-08 22:43:14.810 [main] TwoPhaseLoad - Attribute (`germanWord`)  - enhanced for lazy-loading? - false
[DEBUG] 2026-10-08 22:43:14.810 [main] TwoPhaseLoad - Processing attribute `plural` : value = Katzen
[DEBUG] 2026-10-08 22:43:14.810 [main] TwoPhaseLoad - Attribute (`plural`)  - enhanced for lazy-loading? - false
[DEBUG] 2026-10-08 22:43:14.810 [main] TwoPhaseLoad - Processing attribute `user` : value = 1
[DEBUG] 2026-10-08 22:43:14.810 [main] TwoPhaseLoad - Attribute (`user`)  - enhanced for lazy-loading? - false
[DEBUG] 2026-10-08 22:43:14.811 [main] TwoPhaseLoad - Done materializing entity [fonik.app.entity.Vocabulary#6]
[DEBUG] 2026-10-08 22:43:14.811 [main] CollectionLoadContext - 1 collections were found in result set for role: fonik.app.entity.User.vocabulary
[DEBUG] 2026-10-08 22:43:14.811 [main] CollectionLoadContext - Collection fully initialized: [fonik.app.entity.User.vocabulary#1]
[DEBUG] 2026-10-08 22:43:14.811 [main] CollectionLoadContext - 1 collections initialized for role: fonik.app.entity.User.vocabulary
[DEBUG] 2026-10-08 22:43:14.811 [main] Loader - Done entity load
[DEBUG] 2026-10-08 22:43:14.811 [main] TwoPhaseLoad - Done materializing entity [fonik.app.entity.Vocabulary#5]
[DEBUG] 2026-10-08 22:43:14.811 [main] Loader - Done entity load
[DEBUG] 2026-10-08 22:43:14.811 [main] TransactionImpl - committing
[DEBUG] 2026-10-08 22:43:14.812 [main] AbstractFlushingEventListener - Processing flush-time cascades
[DEBUG] 2026-10-08 22:43:14.813 [main] AbstractFlushingEventListener - Dirty checking collections
[DEBUG] 2026-10-08 22:43:14.818 [main] Collections - Collection found: [fonik.app.entity.User.vocabulary#1], was: [fonik.app.entity.User.vocabulary#1] (initialized)
[DEBUG] 2026-10-08 22:43:14.818 [main] AbstractFlushingEventListener - Flushed: 0 insertions, 0 updates, 0 deletions to 4 objects
[DEBUG] 2026-10-08 22:43:14.818 [main] AbstractFlushingEventListener - Flushed: 0 (re)creations, 0 updates, 0 removals to 1 collections
[DEBUG] 2026-10-08 22:43:14.819 [main] EntityPrinter - Listing entities:
[DEBUG] 2026-10-08 22:43:14.819 [main] EntityPrinter - fonik.app.entity.Vocabulary{englishMeaning=house, plural=Häuser, germanWord=Haus, id=4, user=fonik.app.entity.User#1, article=das}
[DEBUG] 2026-10-08 22:43:14.819 [main] EntityPrinter - fonik.app.entity.Vocabulary{englishMeaning=dog, plural=Hunde, germanWord=Hundd, id=5, user=fonik.app.entity.User#1, article=der}
[DEBUG] 2026-10-08 22:43:14.819 [main] EntityPrinter - fonik.app.entity.Vocabulary{englishMeaning=cat, plural=Katzen, germanWord=Katzez, id=6, user=fonik.app.entity.User#1, article=die}
[DEBUG] 2026-10-08 22:43:14.819 [main] EntityPrinter - fonik.app.entity.User{password=test123, vocabulary=[fonik.app.entity.Vocabulary#4, fonik.app.entity.Vocabulary#5, fonik.app.entity.Vocabulary#6], id=1, email=test@example.com, username=testuser}
[DEBUG] 2026-10-08 22:43:14.820 [main] LogicalConnectionManagedImpl - Initiating JDBC connection release from afterTransaction
[DEBUG] 2026-10-08 22:43:14.820 [main] LogicalConnectionManagedImpl - Initiating JDBC connection release from afterTransaction
[DEBUG] 2026-10-08 22:43:14.821 [main] SQL - select vocabulary0_.id as id1_1_0_, vocabulary0_.article as article2_1_0_, vocabulary0_.english_meaning as english_3_1_0_, vocabulary0_.german_word as german_w4_1_0_, vocabulary0_.plural as plural5_1_0_, vocabulary0_.user_id as user_id6_1_0_, user1_.id as id1_0_1_, user1_.email as email2_0_1_, user1_.password as password3_0_1_, user1_.username as username4_0_1_ from vocabulary vocabulary0_ inner join users user1_ on vocabulary0_.user_id=user1_.id where vocabulary0_.id=?
[DEBUG] 2026-10-08 22:43:14.823 [main] EntityReferenceInitializerImpl - On call to EntityIdentifierReaderImpl#resolve, EntityKey was already known; should only happen on root returns with an optional identifier specified
[DEBUG] 2026-10-08 22:43:14.823 [main] TwoPhaseLoad - Resolving attributes for [fonik.app.entity.Vocabulary#5]
[DEBUG] 2026-10-08 22:43:14.823 [main] TwoPhaseLoad - Processing attribute `article` : value = der
[DEBUG] 2026-10-08 22:43:14.823 [main] TwoPhaseLoad - Attribute (`article`)  - enhanced for lazy-loading? - false
[DEBUG] 2026-10-08 22:43:14.823 [main] TwoPhaseLoad - Processing attribute `englishMeaning` : value = dog
[DEBUG] 2026-10-08 22:43:14.823 [main] TwoPhaseLoad - Attribute (`englishMeaning`)  - enhanced for lazy-loading? - false
[DEBUG] 2026-10-08 22:43:14.823 [main] TwoPhaseLoad - Processing attribute `germanWord` : value = Hundd
[DEBUG] 2026-10-08 22:43:14.823 [main] TwoPhaseLoad - Attribute (`germanWord`)  - enhanced for lazy-loading? - false
[DEBUG] 2026-10-08 22:43:14.823 [main] TwoPhaseLoad - Processing attribute `plural` : value = Hunde
[DEBUG] 2026-10-08 22:43:14.824 [main] TwoPhaseLoad - Attribute (`plural`)  - enhanced for lazy-loading? - false
[DEBUG] 2026-10-08 22:43:14.824 [main] TwoPhaseLoad - Processing attribute `user` : value = 1
[DEBUG] 2026-10-08 22:43:14.824 [main] TwoPhaseLoad - Attribute (`user`)  - enhanced for lazy-loading? - false
[DEBUG] 2026-10-08 22:43:14.824 [main] TwoPhaseLoad - Done materializing entity [fonik.app.entity.Vocabulary#5]
[DEBUG] 2026-10-08 22:43:14.824 [main] TwoPhaseLoad - Resolving attributes for [fonik.app.entity.User#1]
[DEBUG] 2026-10-08 22:43:14.824 [main] TwoPhaseLoad - Processing attribute `email` : value = test@example.com
[DEBUG] 2026-10-08 22:43:14.824 [main] TwoPhaseLoad - Attribute (`email`)  - enhanced for lazy-loading? - false
[DEBUG] 2026-10-08 22:43:14.824 [main] TwoPhaseLoad - Processing attribute `password` : value = test123
[DEBUG] 2026-10-08 22:43:14.824 [main] TwoPhaseLoad - Attribute (`password`)  - enhanced for lazy-loading? - false
[DEBUG] 2026-10-08 22:43:14.824 [main] TwoPhaseLoad - Processing attribute `username` : value = testuser
[DEBUG] 2026-10-08 22:43:14.824 [main] TwoPhaseLoad - Attribute (`username`)  - enhanced for lazy-loading? - false
[DEBUG] 2026-10-08 22:43:14.824 [main] TwoPhaseLoad - Processing attribute `vocabulary` : value = NOT NULL COLLECTION
[DEBUG] 2026-10-08 22:43:14.824 [main] TwoPhaseLoad - Attribute (`vocabulary`)  - enhanced for lazy-loading? - false
[DEBUG] 2026-10-08 22:43:14.824 [main] TwoPhaseLoad - Done materializing entity [fonik.app.entity.User#1]
[DEBUG] 2026-10-08 22:43:14.824 [main] AbstractLoadPlanBasedEntityLoader - Done entity load : fonik.app.entity.Vocabulary#5
[DEBUG] 2026-10-08 22:43:14.824 [main] LogicalConnectionManagedImpl - Initiating JDBC connection release from afterTransaction
[DEBUG] 2026-10-08 22:43:15.392 [main] SQL - select vocabulary0_.id as id1_1_0_, vocabulary0_.article as article2_1_0_, vocabulary0_.english_meaning as english_3_1_0_, vocabulary0_.german_word as german_w4_1_0_, vocabulary0_.plural as plural5_1_0_, vocabulary0_.user_id as user_id6_1_0_, user1_.id as id1_0_1_, user1_.email as email2_0_1_, user1_.password as password3_0_1_, user1_.username as username4_0_1_ from vocabulary vocabulary0_ inner join users user1_ on vocabulary0_.user_id=user1_.id where vocabulary0_.id=?
[DEBUG] 2026-10-08 22:43:15.398 [main] EntityReferenceInitializerImpl - On call to EntityIdentifierReaderImpl#resolve, EntityKey was already known; should only happen on root returns with an optional identifier specified
[DEBUG] 2026-10-08 22:43:15.399 [main] TwoPhaseLoad - Resolving attributes for [fonik.app.entity.Vocabulary#4]
[DEBUG] 2026-10-08 22:43:15.399 [main] TwoPhaseLoad - Processing attribute `article` : value = das
[DEBUG] 2026-10-08 22:43:15.399 [main] TwoPhaseLoad - Attribute (`article`)  - enhanced for lazy-loading? - false
[DEBUG] 2026-10-08 22:43:15.400 [main] TwoPhaseLoad - Processing attribute `englishMeaning` : value = house
[DEBUG] 2026-10-08 22:43:15.400 [main] TwoPhaseLoad - Attribute (`englishMeaning`)  - enhanced for lazy-loading? - false
[DEBUG] 2026-10-08 22:43:15.400 [main] TwoPhaseLoad - Processing attribute `germanWord` : value = Haus
[DEBUG] 2026-10-08 22:43:15.400 [main] TwoPhaseLoad - Attribute (`germanWord`)  - enhanced for lazy-loading? - false
[DEBUG] 2026-10-08 22:43:15.400 [main] TwoPhaseLoad - Processing attribute `plural` : value = Häuser
[DEBUG] 2026-10-08 22:43:15.400 [main] TwoPhaseLoad - Attribute (`plural`)  - enhanced for lazy-loading? - false
[DEBUG] 2026-10-08 22:43:15.400 [main] TwoPhaseLoad - Processing attribute `user` : value = 1
[DEBUG] 2026-10-08 22:43:15.400 [main] TwoPhaseLoad - Attribute (`user`)  - enhanced for lazy-loading? - false
[DEBUG] 2026-10-08 22:43:15.400 [main] TwoPhaseLoad - Done materializing entity [fonik.app.entity.Vocabulary#4]
[DEBUG] 2026-10-08 22:43:15.400 [main] TwoPhaseLoad - Resolving attributes for [fonik.app.entity.User#1]
[DEBUG] 2026-10-08 22:43:15.401 [main] TwoPhaseLoad - Processing attribute `email` : value = test@example.com
[DEBUG] 2026-10-08 22:43:15.401 [main] TwoPhaseLoad - Attribute (`email`)  - enhanced for lazy-loading? - false
[DEBUG] 2026-10-08 22:43:15.401 [main] TwoPhaseLoad - Processing attribute `password` : value = test123
[DEBUG] 2026-10-08 22:43:15.401 [main] TwoPhaseLoad - Attribute (`password`)  - enhanced for lazy-loading? - false
[DEBUG] 2026-10-08 22:43:15.401 [main] TwoPhaseLoad - Processing attribute `username` : value = testuser
[DEBUG] 2026-10-08 22:43:15.401 [main] TwoPhaseLoad - Attribute (`username`)  - enhanced for lazy-loading? - false
[DEBUG] 2026-10-08 22:43:15.401 [main] TwoPhaseLoad - Processing attribute `vocabulary` : value = NOT NULL COLLECTION
[DEBUG] 2026-10-08 22:43:15.401 [main] TwoPhaseLoad - Attribute (`vocabulary`)  - enhanced for lazy-loading? - false
[DEBUG] 2026-10-08 22:43:15.401 [main] TwoPhaseLoad - Done materializing entity [fonik.app.entity.User#1]
[DEBUG] 2026-10-08 22:43:15.401 [main] AbstractLoadPlanBasedEntityLoader - Done entity load : fonik.app.entity.Vocabulary#4
[DEBUG] 2026-10-08 22:43:15.401 [main] LogicalConnectionManagedImpl - Initiating JDBC connection release from afterTransaction
[DEBUG] 2026-10-08 22:43:15.403 [main] TransactionImpl - On TransactionImpl creation, JpaCompliance#isJpaTransactionComplianceEnabled == false
[DEBUG] 2026-10-08 22:43:15.403 [main] TransactionImpl - begin
[DEBUG] 2026-10-08 22:43:15.414 [main] ActionQueue - Executing identity-insert immediately
[DEBUG] 2026-10-08 22:43:15.416 [main] SQL - insert into vocabulary (article, english_meaning, german_word, plural, user_id) values (?, ?, ?, ?, ?)
[DEBUG] 2026-10-08 22:43:15.426 [main] IdentifierGeneratorHelper - Natively generated identity: 7
[DEBUG] 2026-10-08 22:43:15.427 [main] ResourceRegistryStandardImpl - HHH000387: ResultSet's statement was not registered
[DEBUG] 2026-10-08 22:43:15.431 [main] TransactionImpl - committing
[DEBUG] 2026-10-08 22:43:15.431 [main] AbstractFlushingEventListener - Processing flush-time cascades
[DEBUG] 2026-10-08 22:43:15.431 [main] AbstractFlushingEventListener - Dirty checking collections
[DEBUG] 2026-10-08 22:43:15.431 [main] AbstractFlushingEventListener - Flushed: 0 insertions, 0 updates, 0 deletions to 1 objects
[DEBUG] 2026-10-08 22:43:15.431 [main] AbstractFlushingEventListener - Flushed: 0 (re)creations, 0 updates, 0 removals to 0 collections
[DEBUG] 2026-10-08 22:43:15.431 [main] EntityPrinter - Listing entities:
[DEBUG] 2026-10-08 22:43:15.431 [main] EntityPrinter - fonik.app.entity.Vocabulary{englishMeaning=tree, plural=B�ume, germanWord=Baum, id=7, user=fonik.app.entity.User#1, article=der}
[DEBUG] 2026-10-08 22:43:15.435 [main] LogicalConnectionManagedImpl - Initiating JDBC connection release from afterTransaction
[DEBUG] 2026-10-08 22:43:15.436 [main] LogicalConnectionManagedImpl - Initiating JDBC connection release from afterTransaction
[DEBUG] 2026-10-08 22:43:15.438 [main] SQL - select vocabulary0_.id as id1_1_0_, vocabulary0_.article as article2_1_0_, vocabulary0_.english_meaning as english_3_1_0_, vocabulary0_.german_word as german_w4_1_0_, vocabulary0_.plural as plural5_1_0_, vocabulary0_.user_id as user_id6_1_0_, user1_.id as id1_0_1_, user1_.email as email2_0_1_, user1_.password as password3_0_1_, user1_.username as username4_0_1_ from vocabulary vocabulary0_ inner join users user1_ on vocabulary0_.user_id=user1_.id where vocabulary0_.id=?
[DEBUG] 2026-10-08 22:43:15.442 [main] EntityReferenceInitializerImpl - On call to EntityIdentifierReaderImpl#resolve, EntityKey was already known; should only happen on root returns with an optional identifier specified
[DEBUG] 2026-10-08 22:43:15.443 [main] TwoPhaseLoad - Resolving attributes for [fonik.app.entity.Vocabulary#7]
[DEBUG] 2026-10-08 22:43:15.443 [main] TwoPhaseLoad - Processing attribute `article` : value = der
[DEBUG] 2026-10-08 22:43:15.443 [main] TwoPhaseLoad - Attribute (`article`)  - enhanced for lazy-loading? - false
[DEBUG] 2026-10-08 22:43:15.443 [main] TwoPhaseLoad - Processing attribute `englishMeaning` : value = tree
[DEBUG] 2026-10-08 22:43:15.443 [main] TwoPhaseLoad - Attribute (`englishMeaning`)  - enhanced for lazy-loading? - false
[DEBUG] 2026-10-08 22:43:15.443 [main] TwoPhaseLoad - Processing attribute `germanWord` : value = Baum
[DEBUG] 2026-10-08 22:43:15.443 [main] TwoPhaseLoad - Attribute (`germanWord`)  - enhanced for lazy-loading? - false
[DEBUG] 2026-10-08 22:43:15.443 [main] TwoPhaseLoad - Processing attribute `plural` : value = B�ume
[DEBUG] 2026-10-08 22:43:15.444 [main] TwoPhaseLoad - Attribute (`plural`)  - enhanced for lazy-loading? - false
[DEBUG] 2026-10-08 22:43:15.444 [main] TwoPhaseLoad - Processing attribute `user` : value = 1
[DEBUG] 2026-10-08 22:43:15.444 [main] TwoPhaseLoad - Attribute (`user`)  - enhanced for lazy-loading? - false
[DEBUG] 2026-10-08 22:43:15.444 [main] TwoPhaseLoad - Done materializing entity [fonik.app.entity.Vocabulary#7]
[DEBUG] 2026-10-08 22:43:15.444 [main] TwoPhaseLoad - Resolving attributes for [fonik.app.entity.User#1]
[DEBUG] 2026-10-08 22:43:15.444 [main] TwoPhaseLoad - Processing attribute `email` : value = test@example.com
[DEBUG] 2026-10-08 22:43:15.444 [main] TwoPhaseLoad - Attribute (`email`)  - enhanced for lazy-loading? - false
[DEBUG] 2026-10-08 22:43:15.444 [main] TwoPhaseLoad - Processing attribute `password` : value = test123
[DEBUG] 2026-10-08 22:43:15.444 [main] TwoPhaseLoad - Attribute (`password`)  - enhanced for lazy-loading? - false
[DEBUG] 2026-10-08 22:43:15.444 [main] TwoPhaseLoad - Processing attribute `username` : value = testuser
[DEBUG] 2026-10-08 22:43:15.444 [main] TwoPhaseLoad - Attribute (`username`)  - enhanced for lazy-loading? - false
[DEBUG] 2026-10-08 22:43:15.444 [main] TwoPhaseLoad - Processing attribute `vocabulary` : value = NOT NULL COLLECTION
[DEBUG] 2026-10-08 22:43:15.445 [main] TwoPhaseLoad - Attribute (`vocabulary`)  - enhanced for lazy-loading? - false
[DEBUG] 2026-10-08 22:43:15.445 [main] TwoPhaseLoad - Done materializing entity [fonik.app.entity.User#1]
[DEBUG] 2026-10-08 22:43:15.445 [main] AbstractLoadPlanBasedEntityLoader - Done entity load : fonik.app.entity.Vocabulary#7
[DEBUG] 2026-10-08 22:43:15.445 [main] LogicalConnectionManagedImpl - Initiating JDBC connection release from afterTransaction
